from	to	kind	flow	reversed	derived	optional	evidence	note
cfg:paths.dgm	data/DGM_R25.tif	reads	false	false	false	false	[frag_D] config.json paths.dgm; aufgelöst windkraft/config.py:24-26	
cfg:paths.nsg_zip	data/naturschutzgebiete/SG_AT_2024_v_April_Stand_3_April_2024.zip	reads	false	false	false	false	[frag_D] config.json paths.nsg_zip; aufgelöst windkraft/config.py:24-26	
cfg:paths.osm_dir	data/austria-260328-free.shp	reads	false	false	false	false	[frag_D] config.json paths.osm_dir; aufgelöst windkraft/config.py:24-26	
cfg:paths.powerlines_gpkg	data/osm_power_lines.gpkg	reads	false	false	false	false	[frag_D] config.json paths.powerlines_gpkg; aufgelöst windkraft/config.py:24-26	
cfg:paths.vgd	data/admin_boundaries/VGD_Oesterreich_gen_50_20221002/VGD_50_generalisiert.shp	reads	false	false	false	false	[frag_B] config.json:6; [frag_D] config.json paths.vgd; aufgelöst windkraft/config.py:24-26	Config-Key löst auf diesen Pfad auf (relativ zu config.json's Verzeichnis, windkraft/config.py:22-23)
cfg:paths.wind_pd_100	data/AUT_power-density_100m.tif	reads	false	false	false	false	[frag_D] config.json paths.wind_pd_100; aufgelöst windkraft/config.py:24-26	Key im Paket ungenutzt (nur resolviert, nie gelesen)
cfg:paths.wind_pd_150	data/AUT_power-density_150m.tif	reads	false	false	false	false	[frag_D] config.json paths.wind_pd_150; aufgelöst windkraft/config.py:24-26	
cfg:pyproject.toml	scripts/noe/align_pdf_shapefile.py	depends	false	false	false	true	"[frag_F] pyproject.toml:[project.optional-dependencies] pdf = [""PyMuPDF""]"	PyMuPDF wird hier importiert (fitz); Skript von keinem Make-Target erreichbar.
cfg:pyproject.toml	scripts/noe/extract_noe_vector_layers.py	depends	false	false	false	true	"[frag_F] pyproject.toml:[project.optional-dependencies] pdf = [""PyMuPDF""]"	PyMuPDF wird hier importiert; Skript von keinem Make-Target erreichbar.
cfg:pyproject.toml	windkraft/__main__.py	depends	false	false	false	false	"[frag_F] pyproject.toml:[project.scripts] windkraft = ""windkraft.__main__:main"""	TOTER Entry Point: Zieldatei existiert nicht (test -e windkraft/__main__.py -> fehlt). Bereits dokumentiert in docs/FOLLOWUPS.md:129.
docs/RUN1_VERGLEICH.md	output/abschichtung_widmung_v2/osm_wka_distance_zones_widmung_v2.tif	reads	false	false	false	false	[frag_E] docs/RUN1_VERGLEICH.md:3-4	manueller Vergleich, kein Code
docs/RUN1_VERGLEICH.md	output/abschichtung_widmung_v2/osm_wka_distance_zones_widmung_v2_run1.tif	reads	false	false	false	false	[frag_E] docs/RUN1_VERGLEICH.md:4	
output/kataster/at_dkm_gst_nfl_epsg31287.geoparquet	docs/analysis/streusiedlung_knee.py	reads	true	true	false	true	[frag_E] docs/analysis/streusiedlung_knee.py:70,216	kein output/analysis-Baum vorhanden -> nie so gelaufen
output/noe/pdf_750m_*.geojson	docs/analysis/streusiedlung_knee.py	reads	true	true	false	true	[frag_E] docs/analysis/streusiedlung_knee.py:69,215 (--noe-dir)	kein output/analysis-Baum vorhanden -> nie so gelaufen
docs/analysis/streusiedlung_knee.py	windkraft/calc/hig_source_masks.py	reads	false	false	false	true	[frag_E] docs/analysis/streusiedlung_knee.py:68,215 (--zoning-dir)	kein output/analysis-Baum vorhanden -> nie so gelaufen
make:check-hardlinks	tools/check_hardlink_safety.py	invokes	true	false	false	false	[frag_F] Makefile:36	
make:widmung-v2	make:widmung-v2-hig	depends	false	false	false	false	[frag_F] Makefile:30	
make:widmung-v2	make:widmung-v2-osm	depends	false	false	false	false	[frag_F] Makefile:30	
make:widmung-v2	make:widmung-v2-tif	depends	false	false	false	false	[frag_F] Makefile:30	
make:widmung-v2	make:widmung-v2-validate	depends	false	false	false	false	[frag_F] Makefile:30	
make:widmung-v2	make:widmung-v2-zoning	depends	false	false	false	false	[frag_F] Makefile:30	
make:widmung-v2-hig	scripts/widmung_v2/02_build_hig_sources.py	invokes	true	false	false	false	[frag_F] Makefile:18	--zoning-dir .../zoning_vectors --out-dir output/abschichtung_widmung_v2
make:widmung-v2-osm	scripts/widmung_v2/03_build_osm_layers.py	invokes	true	false	false	false	[frag_F] Makefile:21	--layer-dir .../distance_layers
make:widmung-v2-tif	make:widmung-v2-osm	depends	false	false	false	false	[frag_F] output/abschichtung_widmung_v2/distance_layers	Impliziter Datenfluss ueber gemeinsames --layer-dir; kein Make-Prerequisite, nur Reihenfolge durch widmung-v2 sichergestellt.
make:widmung-v2-tif	scripts/widmung_v2/04_create_distance_zones.py	invokes	true	false	false	false	[frag_F] Makefile:24	--layer-dir .../distance_layers --output .../osm_wka_distance_zones_widmung_v2.tif
make:widmung-v2-validate	make:widmung-v2-tif	depends	false	false	false	false	[frag_F] $(V2_TIF)	Liest die von widmung-v2-tif erzeugte TIF; kein echtes Make-Prerequisite (kein File-Target), nur ueber widmung-v2 sequenziert.
make:widmung-v2-validate	scripts/widmung_v2/05_validate.py	invokes	true	false	false	false	[frag_F] Makefile:27	--tif .../osm_wka_distance_zones_widmung_v2.tif
make:widmung-v2-zoning	scripts/widmung_v2/01_build_official_zoning_layers.py	invokes	true	false	false	false	[frag_F] Makefile:15	uv run python ... --out-dir output/abschichtung_widmung_v2/zoning_vectors
output/noe/alignment_*.json	scripts/noe/extract_noe_vector_layers.py	reads	true	false	false	false	[frag_E] scripts/noe/extract_noe_vector_layers.py:49 (ALIGN_PATH)	nur alignment_mindestabstand.json wird gelesen; die 6 übrigen alignment_*.json haben keinen Leser im Repo
output/noe/pdf_hig_source_geb.geojson	scripts/noe/derive_pdf_hig_sources.py	invokes	false	false	false	true	[frag_A] hig_source_masks.py:92 (Fehlermeldung verweist auf dieses Skript)	Fehlermeldung, kein tatsaechlicher Programmaufruf; dokumentiert die Erzeuger-Abhaengigkeit ausserhalb des Scopes.
config.json	scripts/analysis/build_v2_dashboard_data.py	reads	true	true	false	false	[frag_B] scripts/analysis/build_v2_dashboard_data.py:100,301	--config Default; via windkraft.config.load_config
scripts/analysis/build_v2_dashboard_data.py	output/abschichtung_widmung_v2/dashboard_data.json	writes	true	false	false	false	[frag_B] scripts/analysis/build_v2_dashboard_data.py:102,329-331	--out Default
output/abschichtung_widmung_v2/osm_wka_distance_zones_widmung_v2.tif	scripts/analysis/build_v2_dashboard_data.py	reads	true	true	false	false	[frag_B] scripts/analysis/build_v2_dashboard_data.py:101,304; [frag_E] scripts/analysis/build_v2_dashboard_data.py:101	--tif Default; erzeugt außerhalb dieses Inventars von scripts/widmung_v2/04_create_distance_zones.py | dashboard_data.json existiert nicht in output/ -> Skript nie erfolgreich gegen dieses TIF gelaufen; EXCLUSION_LAYERS referenziert veraltete Bandnamen (Fund aus vorheriger Session, docs/FOLLOWUPS.md-Kontext)
scripts/analysis/build_v2_dashboard_data.py	windkraft/calc/abschichtung_common.py	imports	false	false	false	false	[frag_B] scripts/analysis/build_v2_dashboard_data.py:44	importiert admin_boundaries
scripts/analysis/build_v2_dashboard_data.py	windkraft/config.py	imports	false	false	false	false	[frag_B] scripts/analysis/build_v2_dashboard_data.py:45	importiert load_config
data/admin_boundaries/VGD_Oesterreich_gen_50_20221002/VGD_50_generalisiert.shp	scripts/noe/align_pdf_shapefile.py	reads	true	true	false	false	[frag_B] scripts/noe/align_pdf_shapefile.py:29,207	VGD fest kodiert
data/nö_zonierung/TeilC_3_2_Karte_Mindestabstandszonen_A0_20240402.pdf	scripts/noe/align_pdf_shapefile.py	reads	true	true	false	false	[frag_B] scripts/noe/align_pdf_shapefile.py:30,63	PDF_PATH fest kodiert; fitz.open()
scripts/noe/align_pdf_shapefile.py	output/noe/alignment_*.json	writes	true	false	false	false	[frag_E] scripts/noe/align_pdf_shapefile.py:31,174	nur mit --overwrite bei existierender Zieldatei (SystemExit-Schutz Z.54-58)
scripts/noe/align_pdf_shapefile.py	output/noe/alignment_check_pdf_vs_shapefile.png	writes	true	false	false	false	[frag_B] scripts/noe/align_pdf_shapefile.py:252-253	Pfad = --out-Elternverzeichnis / 'alignment_check_pdf_vs_shapefile.png'; landet nur in output/noe/, wenn --out dort liegt
scripts/noe/align_pdf_shapefile.py	output/noe/alignment_mindestabstand.json	writes	true	false	false	false	[frag_B] scripts/noe/align_pdf_shapefile.py:34,173-176	--out Default; bricht ohne --overwrite ab, falls Ziel existiert (Zeilen 54-59)
scripts/noe/align_pdf_shapefile.py	windkraft/noe/pdf_align.py	imports	false	false	false	false	[frag_B] scripts/noe/align_pdf_shapefile.py:22-26	importiert nur die Konstante GPTS_LATLON_MINDESTABSTAND
output/noe/pdf_750m_*.geojson	scripts/noe/derive_pdf_hig_sources.py	reads	true	true	false	false	[frag_E] scripts/noe/derive_pdf_hig_sources.py:25	
scripts/noe/derive_pdf_hig_sources.py	windkraft/noe/pdf_hig_sources.py	imports	false	false	false	false	[frag_B] scripts/noe/derive_pdf_hig_sources.py:20	
scripts/noe/derive_pdf_hig_sources.py	windkraft/noe/pdf_hig_sources.py	invokes	false	false	false	false	[frag_B] scripts/noe/derive_pdf_hig_sources.py:28	derive_layer_files(Path(args.noe_dir)); --noe-dir Default 'output/noe'. Tatsächlicher GeoJSON-I/O passiert in windkraft/noe/pdf_hig_sources.py.
scripts/noe/derive_pdf_hig_sources.py	windkraft/noe/pdf_hig_sources.py	reads	false	false	false	false	[frag_E] scripts/noe/derive_pdf_hig_sources.py:28	eigenständiger Trigger für dieselbe Ableitung, falls pdf_750m_* bereits vorliegt
data/admin_boundaries/VGD_Oesterreich_gen_50_20221002/VGD_50_generalisiert.shp	scripts/noe/extract_noe_vector_layers.py	reads	true	true	false	false	[frag_B] scripts/noe/extract_noe_vector_layers.py:50,273	VGD_PATH fest kodiert
data/nö_zonierung/TeilC_3_2_Karte_Mindestabstandszonen_A0_20240402.pdf	scripts/noe/extract_noe_vector_layers.py	reads	true	true	false	false	[frag_B] scripts/noe/extract_noe_vector_layers.py:48,263	PDF_PATH fest kodiert
scripts/noe/extract_noe_vector_layers.py	output/noe/abstand_sondergebiet_1200m.geojson	writes	true	false	false	false	[frag_B] scripts/noe/extract_noe_vector_layers.py:64,251	
scripts/noe/extract_noe_vector_layers.py	output/noe/abstand_sondergebiet_1200m_wgs84.geojson	writes	true	false	false	false	[frag_B] scripts/noe/extract_noe_vector_layers.py:64,252	
output/noe/alignment_mindestabstand.json	scripts/noe/extract_noe_vector_layers.py	reads	true	true	false	false	[frag_B] scripts/noe/extract_noe_vector_layers.py:49,259	ALIGN_PATH fest kodiert; geschrieben von align_pdf_shapefile.py
scripts/noe/extract_noe_vector_layers.py	output/noe/pdf_750m_*.geojson	writes	true	false	false	false	[frag_E] scripts/noe/extract_noe_vector_layers.py:51,251-252	export_layer(); kein Overwrite-Schutz, jeder Lauf überschreibt
scripts/noe/extract_noe_vector_layers.py	output/noe/pdf_750m_geb.geojson	writes	true	false	false	false	[frag_B] scripts/noe/extract_noe_vector_layers.py:66,251	
scripts/noe/extract_noe_vector_layers.py	output/noe/pdf_750m_geb_wgs84.geojson	writes	true	false	false	false	[frag_B] scripts/noe/extract_noe_vector_layers.py:66,252	
scripts/noe/extract_noe_vector_layers.py	output/noe/pdf_750m_gruenland_widmung.geojson	writes	true	false	false	false	[frag_B] scripts/noe/extract_noe_vector_layers.py:68,251	
scripts/noe/extract_noe_vector_layers.py	output/noe/pdf_750m_gruenland_widmung_wgs84.geojson	writes	true	false	false	false	[frag_B] scripts/noe/extract_noe_vector_layers.py:68,252	
scripts/noe/extract_noe_vector_layers.py	output/noe/pdf_750m_gwr.geojson	writes	true	false	false	false	[frag_B] scripts/noe/extract_noe_vector_layers.py:67,251	
scripts/noe/extract_noe_vector_layers.py	output/noe/pdf_750m_gwr_wgs84.geojson	writes	true	false	false	false	[frag_B] scripts/noe/extract_noe_vector_layers.py:67,252	
scripts/noe/extract_noe_vector_layers.py	output/noe/siedlungsabstand_1200m.geojson	writes	true	false	false	false	[frag_B] scripts/noe/extract_noe_vector_layers.py:63,251	
scripts/noe/extract_noe_vector_layers.py	output/noe/siedlungsabstand_1200m_wgs84.geojson	writes	true	false	false	false	[frag_B] scripts/noe/extract_noe_vector_layers.py:63,252	
scripts/noe/extract_noe_vector_layers.py	output/noe/wohnbauland.geojson	writes	true	false	false	false	[frag_B] scripts/noe/extract_noe_vector_layers.py:62,251	LAYERS['wohnbauland']
scripts/noe/extract_noe_vector_layers.py	output/noe/wohnbauland_wgs84.geojson	writes	true	false	false	false	[frag_B] scripts/noe/extract_noe_vector_layers.py:62,252	
scripts/noe/extract_noe_vector_layers.py	windkraft/noe/pdf_hig_sources.py	imports	false	false	false	false	[frag_B] scripts/noe/extract_noe_vector_layers.py:46	
scripts/noe/extract_noe_vector_layers.py	windkraft/noe/pdf_hig_sources.py	invokes	false	false	false	false	[frag_B] scripts/noe/extract_noe_vector_layers.py:286	derive_layer_files(OUT_DIR) direkt am Ende von main() aufgerufen — erzeugt im selben Lauf auch pdf_hig_source_*.geojson
scripts/noe/extract_noe_vector_layers.py	windkraft/noe/pdf_hig_sources.py	reads	false	false	false	false	[frag_E] scripts/noe/extract_noe_vector_layers.py:286	ruft derive_layer_files() im selben Lauf auf
data/admin_boundaries/VGD_Oesterreich_gen_50_20221002/VGD_50_generalisiert.shp	scripts/preprocessing/create_noe_dkm_polygon_fill_map.py	reads	true	true	false	true	[frag_B] scripts/preprocessing/create_noe_dkm_polygon_fill_map.py:52,1423,707,1210	--boundary-shapefile Default; nur genutzt mit --include-noe-boundary-line (load_noe_boundary_lines, Zeile 1473) oder --boundary-diagnostics (Zeile 1866)
data/kataster/BEV_DKM_DXF_Symbole_V2.6.csv	scripts/preprocessing/create_noe_dkm_polygon_fill_map.py	reads	true	true	false	false	[frag_B] scripts/preprocessing/create_noe_dkm_polygon_fill_map.py:51,94-99	SYMBOL_CSV fest kodiert; load_symbol_categories()
data/kataster/KAT_DKM_Niederoesterreich_DXF_20230401.zip	scripts/preprocessing/create_noe_dkm_polygon_fill_map.py	reads	true	true	false	false	[frag_B] scripts/preprocessing/create_noe_dkm_polygon_fill_map.py:50,1477-1478	ZIP_PATH fest kodiert (kein CLI-Flag); Members *.dxf dynamisch gescannt
output/kataster/at_dkm_gst_nfl_epsg31287.geoparquet	scripts/preprocessing/create_noe_dkm_polygon_fill_map.py	reads	true	true	false	true	[frag_E] scripts/preprocessing/create_noe_dkm_polygon_fill_map.py:53 (OUT_DIR Geschwisterpfad, Skript liest DKM-Kataster-Quellen)	Diagnose-Skript, output/kataster/diagnostics/ existiert nicht -> nie mit den relevanten Flags gelaufen
scripts/preprocessing/create_noe_dkm_polygon_fill_map.py	output/kataster/diagnostics/noe_dkm_benutzungsarten_flaechen_{suffix}.png	writes	true	false	false	true	[frag_B] scripts/preprocessing/create_noe_dkm_polygon_fill_map.py:1467,1881-1900	übersprungen mit --diagnostics-only
scripts/preprocessing/create_noe_dkm_polygon_fill_map.py	output/kataster/diagnostics/noe_dkm_benutzungsarten_flaechen_{suffix}_diagnostics.png	writes	true	false	false	true	[frag_B] scripts/preprocessing/create_noe_dkm_polygon_fill_map.py:1468,1844-1861	nur mit --diagnostics/--diagnostics-only
scripts/preprocessing/create_noe_dkm_polygon_fill_map.py	output/kataster/diagnostics/noe_dkm_benutzungsarten_flaechen_{suffix}_noe_boundary_residuals.png	writes	true	false	false	true	[frag_B] scripts/preprocessing/create_noe_dkm_polygon_fill_map.py:1263,1278	nur mit --boundary-diagnostics
scripts/preprocessing/create_noe_dkm_polygon_fill_map.py	output/kataster/diagnostics/noe_dkm_benutzungsarten_flaechen_{suffix}_noe_boundary_stats.csv	writes	true	false	false	true	[frag_B] scripts/preprocessing/create_noe_dkm_polygon_fill_map.py:1384-1389	nur mit --boundary-diagnostics
scripts/preprocessing/create_noe_dkm_polygon_fill_map.py	output/kataster/diagnostics/noe_dkm_benutzungsarten_flaechen_{suffix}_noe_boundary_white_components.csv	writes	true	false	false	true	[frag_B] scripts/preprocessing/create_noe_dkm_polygon_fill_map.py:1351-1367	nur mit --boundary-diagnostics
scripts/preprocessing/create_noe_dkm_polygon_fill_map.py	output/kataster/diagnostics/noe_dkm_benutzungsarten_flaechen_{suffix}_raw.png	writes	true	false	false	true	[frag_B] scripts/preprocessing/create_noe_dkm_polygon_fill_map.py:1466,1840-1841	übersprungen mit --diagnostics-only
scripts/preprocessing/create_noe_dkm_polygon_fill_map.py	output/kataster/diagnostics/noe_dkm_benutzungsarten_flaechen_{suffix}_stats.csv	writes	true	false	false	false	[frag_B] scripts/preprocessing/create_noe_dkm_polygon_fill_map.py:1469,1903-1926	immer geschrieben
output/kataster/diagnostics/noe_dkm_bounds_GG_KG_NG_epsg31287.csv	scripts/preprocessing/create_noe_dkm_polygon_fill_map.py	reads	true	true	false	true	[frag_B] scripts/preprocessing/create_noe_dkm_polygon_fill_map.py:510-513,1488,1491-1492	Bounds-Cache-Hit; übersprungen mit --no-bounds-cache oder --refresh-bounds-cache
scripts/preprocessing/create_noe_dkm_polygon_fill_map.py	output/kataster/diagnostics/noe_dkm_bounds_GG_KG_NG_epsg31287.csv	writes	true	false	false	true	[frag_B] scripts/preprocessing/create_noe_dkm_polygon_fill_map.py:1534-1536	übersprungen mit --no-bounds-cache
data/kataster	scripts/preprocessing/export_at_dkm_geoparquet.py	reads	true	true	false	false	[frag_B] scripts/preprocessing/export_at_dkm_geoparquet.py:894,499,506	--data-dir Default; nur die 8 in DEFAULT_SHP_ARCHIVES fest benannten Dateien werden geöffnet, kein Verzeichnis-Scan.
data/kataster/BEV_DKM_DXF_Symbole_V2.6.csv	scripts/preprocessing/export_at_dkm_geoparquet.py	reads	true	true	false	false	[frag_B] scripts/preprocessing/export_at_dkm_geoparquet.py:68,163-167	--symbol-csv Default; NsLookup.__init__ liest die Datei
data/kataster/KAT_DKM_Burgenland_SHP_20210401.zip	scripts/preprocessing/export_at_dkm_geoparquet.py	reads	true	true	false	false	[frag_B] scripts/preprocessing/export_at_dkm_geoparquet.py:105,513	ArchiveSpec Burgenland; innere Mitglieder dynamisch gescannt (Zeilen 517-535)
data/kataster/KAT_DKM_Kaernten_SHP_20221001.zip	scripts/preprocessing/export_at_dkm_geoparquet.py	reads	true	true	false	false	[frag_B] scripts/preprocessing/export_at_dkm_geoparquet.py:109,513	ArchiveSpec Kärnten
data/kataster/KAT_DKM_Niederoesterreich_DXF_20230401.zip	scripts/preprocessing/export_at_dkm_geoparquet.py	reads	true	true	false	true	[frag_B] scripts/preprocessing/export_at_dkm_geoparquet.py:69,625-626	--noe-dxf-zip Default; übersprungen mit --skip-noe-dxf. Innere *.dxf-Namen dynamisch gescannt.
data/kataster/KAT_DKM_Oberoesterreich_SHP_20221001.zip	scripts/preprocessing/export_at_dkm_geoparquet.py	reads	true	true	false	false	[frag_B] scripts/preprocessing/export_at_dkm_geoparquet.py:108,513	ArchiveSpec Oberösterreich
data/kataster/KAT_DKM_Salzburg_SHP_20221001.zip	scripts/preprocessing/export_at_dkm_geoparquet.py	reads	true	true	false	false	[frag_B] scripts/preprocessing/export_at_dkm_geoparquet.py:110,513	ArchiveSpec Salzburg
data/kataster/KAT_DKM_Steiermark_SHP_20221001.zip	scripts/preprocessing/export_at_dkm_geoparquet.py	reads	true	true	false	false	[frag_B] scripts/preprocessing/export_at_dkm_geoparquet.py:111,513	ArchiveSpec Steiermark
data/kataster/KAT_DKM_Tirol_SHP_20221001.zip	scripts/preprocessing/export_at_dkm_geoparquet.py	reads	true	true	false	false	[frag_B] scripts/preprocessing/export_at_dkm_geoparquet.py:106,513	ArchiveSpec Tirol
data/kataster/KAT_DKM_Vorarlberg_SHP_20221001.zip	scripts/preprocessing/export_at_dkm_geoparquet.py	reads	true	true	false	false	[frag_B] scripts/preprocessing/export_at_dkm_geoparquet.py:107,513	ArchiveSpec Vorarlberg
data/kataster/KAT_DKM_Wien_SHP_20221001.zip	scripts/preprocessing/export_at_dkm_geoparquet.py	reads	true	true	false	false	[frag_B] scripts/preprocessing/export_at_dkm_geoparquet.py:112,513	ArchiveSpec Wien
scripts/preprocessing/export_at_dkm_geoparquet.py	output/kataster/at_dkm_gst_nfl_epsg31287.geoparquet	writes	true	false	false	false	[frag_B] scripts/preprocessing/export_at_dkm_geoparquet.py:65,262; [frag_E] scripts/preprocessing/export_at_dkm_geoparquet.py:65,262,895,920-942	--output Default; GeoParquetBatchWriter; bricht ohne --overwrite ab, falls Ziel existiert (Zeilen 923-925) | Overwrite-Schutz via SystemExit Z.923-925; aktueller Dateiinhalt laut MIGRATION_MAP.tsv:71 migriert, nicht aus diesem Lauf
scripts/preprocessing/export_at_dkm_geoparquet.py	output/kataster/at_dkm_gst_nfl_epsg31287_overview.md	writes	true	false	false	false	[frag_B] scripts/preprocessing/export_at_dkm_geoparquet.py:67,825-826	--overview-md Default
scripts/preprocessing/export_at_dkm_geoparquet.py	output/kataster/at_dkm_gst_nfl_epsg31287_summary.csv	writes	true	false	false	false	[frag_B] scripts/preprocessing/export_at_dkm_geoparquet.py:66,795-796	--summary-csv Default
scripts/preprocessing/export_at_dkm_geoparquet.py	scripts/preprocessing/create_noe_dkm_polygon_fill_map.py	imports	false	false	false	false	[frag_B] scripts/preprocessing/export_at_dkm_geoparquet.py:41-51	sys.path-Hack (ROOT, SCRIPT_DIR) + 'from create_noe_dkm_polygon_fill_map import (...)'
output/abschichtung/osm_wka_distance_zones.tif	scripts/webmap/build_layer_viewer.py	reads	true	true	false	false	[frag_B] scripts/webmap/build_layer_viewer.py:55,279,91	--input Default; Erzeuger-Skript nicht Teil dieses Inventars
output/abschichtung/simplified_150w.tif	scripts/webmap/build_layer_viewer.py	reads	true	true	false	true	[frag_B] scripts/webmap/build_layer_viewer.py:56,280,298	--simplified-input Default; nur genutzt, wenn vorhanden (Path.exists()) und --no-simplified nicht gesetzt
scripts/webmap/build_layer_viewer.py	output/abschichtung/viewer/index.html	writes	true	false	false	false	[frag_B] scripts/webmap/build_layer_viewer.py:262,327	write_html()
scripts/webmap/build_layer_viewer.py	output/abschichtung/viewer/layers/{band}_{name}.png	writes	true	false	false	false	[frag_B] scripts/webmap/build_layer_viewer.py:122-123,289-294	ein PNG je Band der Hauptgruppe
scripts/webmap/build_layer_viewer.py	output/abschichtung/viewer/manifest.json	writes	true	false	false	false	[frag_B] scripts/webmap/build_layer_viewer.py:326	--output Default output/abschichtung/viewer
scripts/webmap/build_layer_viewer.py	output/abschichtung/viewer/simplified_layers/{band}_{name}.png	writes	true	false	false	true	[frag_B] scripts/webmap/build_layer_viewer.py:122-123,297-306	nur wenn simplified_150w.tif existiert und --no-simplified fehlt
output/abschichtung_widmung_v2/osm_wka_distance_zones_widmung_v2.tif	scripts/webmap/build_layer_viewer.py	reads	true	true	false	true	[frag_E] scripts/webmap/build_layer_viewer.py:55	NUR bei explizitem --input; Default zeigt auf output/abschichtung/osm_wka_distance_zones.tif (v1-Pfad, existiert nicht); nicht im Makefile verdrahtet
scripts/webmap/build_layer_viewer.py	windkraft/viz/band_metadata.py	imports	false	false	false	false	[frag_B] scripts/webmap/build_layer_viewer.py:34-50	Farb-/Kategorie-Konstanten
data/flächenwidmungen/Flaewi.shp.zip	scripts/widmung_v2/01_build_official_zoning_layers.py	reads	true	true	false	false	[frag_A] 01_build_official_zoning_layers.py:90 (read_dataset) -> widmung_sources.py:420	Indirekt ueber windkraft/calc/widmung_sources.py:_read_raw(), pro Dataset genau einmal gelesen (functools.lru_cache).
data/flächenwidmungen/WIDMUNGSFLAECHEN.zip	scripts/widmung_v2/01_build_official_zoning_layers.py	reads	true	true	false	false	[frag_A] 01_build_official_zoning_layers.py:90 (read_dataset) -> widmung_sources.py:408	Indirekt ueber windkraft/calc/widmung_sources.py:_read_raw(), pro Dataset genau einmal gelesen (functools.lru_cache).
data/new_widmungs_data/kaernten/flawi_ktn_gpkg.zip	scripts/widmung_v2/01_build_official_zoning_layers.py	reads	true	true	false	false	[frag_A] 01_build_official_zoning_layers.py:90 (read_dataset) -> widmung_sources.py:377-396,410	Indirekt ueber windkraft/calc/widmung_sources.py:_read_raw(), pro Dataset genau einmal gelesen (functools.lru_cache).
data/new_widmungs_data/niederoesterreich/RRU_WI_HUELLE.gpkg	scripts/widmung_v2/01_build_official_zoning_layers.py	reads	true	true	false	false	[frag_A] 01_build_official_zoning_layers.py:90 (read_dataset) -> widmung_sources.py:412	Indirekt ueber windkraft/calc/widmung_sources.py:_read_raw(), pro Dataset genau einmal gelesen (functools.lru_cache).
data/new_widmungs_data/oberoesterreich/FLWI_WIDMUNGEN_F.zip	scripts/widmung_v2/01_build_official_zoning_layers.py	reads	true	true	false	false	[frag_A] 01_build_official_zoning_layers.py:90 (read_dataset) -> widmung_sources.py:414	Indirekt ueber windkraft/calc/widmung_sources.py:_read_raw(), pro Dataset genau einmal gelesen (functools.lru_cache).
data/new_widmungs_data/salzburg/Flaechenwidmung_Shapefile.zip	scripts/widmung_v2/01_build_official_zoning_layers.py	reads	true	true	false	false	[frag_A] 01_build_official_zoning_layers.py:90 (read_dataset) -> widmung_sources.py:416	Indirekt ueber windkraft/calc/widmung_sources.py:_read_raw(), pro Dataset genau einmal gelesen (functools.lru_cache).
data/new_widmungs_data/steiermark/Bauland.zip	scripts/widmung_v2/01_build_official_zoning_layers.py	reads	true	true	false	false	[frag_A] 01_build_official_zoning_layers.py:90 (read_dataset) -> widmung_sources.py:418	Indirekt ueber windkraft/calc/widmung_sources.py:_read_raw(), pro Dataset genau einmal gelesen (functools.lru_cache).
data/new_widmungs_data/tirol/FLW_Flaechenwidmung_*.gpkg	scripts/widmung_v2/01_build_official_zoning_layers.py	reads	true	true	false	false	[frag_A] 01_build_official_zoning_layers.py:90 (read_dataset) -> widmung_sources.py:399-403,422	Indirekt ueber windkraft/calc/widmung_sources.py:_read_raw(), pro Dataset genau einmal gelesen (functools.lru_cache).
data/new_widmungs_data/vorarlberg/fwp_flaeche.gpkg	scripts/widmung_v2/01_build_official_zoning_layers.py	reads	true	true	false	false	[frag_A] 01_build_official_zoning_layers.py:90 (read_dataset) -> widmung_sources.py:424	Indirekt ueber windkraft/calc/widmung_sources.py:_read_raw(), pro Dataset genau einmal gelesen (functools.lru_cache).
data/new_widmungs_data/wien/genflwidmung_wien.geojson	scripts/widmung_v2/01_build_official_zoning_layers.py	reads	true	true	false	false	[frag_A] 01_build_official_zoning_layers.py:90 (read_dataset) -> widmung_sources.py:426	Indirekt ueber windkraft/calc/widmung_sources.py:_read_raw(), pro Dataset genau einmal gelesen (functools.lru_cache).
output/abschichtung_widmung_v2/zoning_vectors/_cache	scripts/widmung_v2/01_build_official_zoning_layers.py	reads	true	true	false	true	[frag_A] widmung_sources.py:388-389 (_ensure_ktn_gpkg Cache-Hit-Pfad)	
scripts/widmung_v2/01_build_official_zoning_layers.py	output/abschichtung_widmung_v2/zoning_vectors/_cache	writes	true	false	false	true	[frag_A] widmung_sources.py:387-396	Kaernten-GPKG-Extrakt-Cache, kein Pipeline-Checkpoint.
output/abschichtung_widmung_v2/zoning_vectors/_cache/flawi_ktn_gpkg.gpkg	scripts/widmung_v2/01_build_official_zoning_layers.py	reads	true	true	false	false	[frag_E] scripts/widmung_v2/01_build_official_zoning_layers.py:122,131 (--cache-dir Default)	liest den selbst erzeugten Cache im selben Lauf zurück
scripts/widmung_v2/01_build_official_zoning_layers.py	output/abschichtung_widmung_v2/zoning_vectors/haeuser_im_gruenen_combined.gpkg	writes	true	false	false	false	[frag_A] 01_build_official_zoning_layers.py:112-116,136; [frag_E] scripts/widmung_v2/01_build_official_zoning_layers.py:112-116,136	write_bucket(): NICHT dissolved, mit bundesland/source_layer/category-Provenienz.
scripts/widmung_v2/01_build_official_zoning_layers.py	output/abschichtung_widmung_v2/zoning_vectors/industrie_negativ_combined.gpkg	writes	true	false	false	false	[frag_A] 01_build_official_zoning_layers.py:112-116,136; [frag_E] scripts/widmung_v2/01_build_official_zoning_layers.py:112-116,136	write_bucket(): NICHT dissolved, mit bundesland/source_layer/category-Provenienz.
scripts/widmung_v2/01_build_official_zoning_layers.py	output/abschichtung_widmung_v2/zoning_vectors/wohn_misch_combined.gpkg	writes	true	false	false	false	[frag_A] 01_build_official_zoning_layers.py:112-116,136; [frag_E] scripts/widmung_v2/01_build_official_zoning_layers.py:112-116,136	write_bucket(): NICHT dissolved, mit bundesland/source_layer/category-Provenienz. | write_bucket() pro Bucket in main()
scripts/widmung_v2/01_build_official_zoning_layers.py	windkraft/calc/widmung_sources.py	imports	false	false	false	false	[frag_A] 01_build_official_zoning_layers.py:61-69	
scripts/widmung_v2/02_build_hig_sources.py	cfg:paths.dgm	reads	false	false	false	false	[frag_A] abschichtung_common.py:307 (load_grid Template)	
config.json	scripts/widmung_v2/02_build_hig_sources.py	reads	true	true	false	false	[frag_A] 02_build_hig_sources.py:238 (load_config)	
data/adressregister	scripts/widmung_v2/02_build_hig_sources.py	reads	true	true	false	false	[frag_A] bev_register.py:111-143 (load_address_points/load_building_points)	
scripts/widmung_v2/02_build_hig_sources.py	layer:bewohnt_einzellage_source	writes	true	false	false	false	[frag_A] 02_build_hig_sources.py:177-186,246-256 (ensure_group_layers -> write_layer)	
scripts/widmung_v2/02_build_hig_sources.py	layer:ferienhaus_tourismus_source	writes	true	false	false	false	[frag_A] 02_build_hig_sources.py:177-186,246-256 (ensure_group_layers -> write_layer)	
scripts/widmung_v2/02_build_hig_sources.py	layer:hig_hulls_source	writes	true	false	false	false	[frag_A] 02_build_hig_sources.py:177-186,246-256 (ensure_group_layers -> write_layer)	
scripts/widmung_v2/02_build_hig_sources.py	layer:noe_pdf_750m_zones	writes	true	false	false	false	[frag_A] 02_build_hig_sources.py:177-186,246-256 (ensure_group_layers -> write_layer)	
scripts/widmung_v2/02_build_hig_sources.py	layer:noe_pdf_hig_source	writes	true	false	false	false	[frag_A] 02_build_hig_sources.py:177-186,246-256 (ensure_group_layers -> write_layer)	
scripts/widmung_v2/02_build_hig_sources.py	layer:nonresidential_hulls_source	writes	true	false	false	false	[frag_A] 02_build_hig_sources.py:177-186,246-256 (ensure_group_layers -> write_layer)	
scripts/widmung_v2/02_build_hig_sources.py	layer:official_hig_source	writes	true	false	false	false	[frag_A] 02_build_hig_sources.py:177-186,246-256 (ensure_group_layers -> write_layer)	
scripts/widmung_v2/02_build_hig_sources.py	layer:official_settlement_source	writes	true	false	false	false	[frag_A] 02_build_hig_sources.py:177-186,246-256 (ensure_group_layers -> write_layer)	
scripts/widmung_v2/02_build_hig_sources.py	output/abschichtung_widmung_v2/distance_layers	writes	true	false	false	false	[frag_E] scripts/widmung_v2/02_build_hig_sources.py:200-201; windkraft/calc/abschichtung_common.py:1443-1444 (write_layer, via ensure_group_layers)	schreibt official_settlement_source, ferienhaus_tourismus_source, official_hig_source, noe_pdf_750m_zones, noe_pdf_hig_source, hig_hulls_source, bewohnt_einzellage_source, nonresidential_hulls_source (SOURCE_LAYER_NAMES Z.79-88)
scripts/widmung_v2/02_build_hig_sources.py	output/abschichtung_widmung_v2/hig_huellen.gpkg	writes	true	false	false	false	[frag_A] 02_build_hig_sources.py:167-175; [frag_E] scripts/widmung_v2/02_build_hig_sources.py:90,174,215	Uebersprungen bei --skip-gpkg. | hulls.to_file(); abschaltbar mit --skip-gpkg
output/abschichtung_widmung_v2/zoning_vectors/haeuser_im_gruenen_combined.gpkg	scripts/widmung_v2/02_build_hig_sources.py	reads	true	true	false	false	[frag_A] hig_source_masks.py:41	
output/abschichtung_widmung_v2/zoning_vectors/industrie_negativ_combined.gpkg	scripts/widmung_v2/02_build_hig_sources.py	reads	true	true	false	false	[frag_A] hig_source_masks.py:42	
output/abschichtung_widmung_v2/zoning_vectors/wohn_misch_combined.gpkg	scripts/widmung_v2/02_build_hig_sources.py	reads	true	true	false	false	[frag_A] hig_source_masks.py:40	
output/adressregister_cache	scripts/widmung_v2/02_build_hig_sources.py	reads	true	true	false	true	[frag_A] bev_register.py:113-124,130-142	Nur wenn Parquet-Cache bereits existiert; sonst wird er hier befuellt (writes).
scripts/widmung_v2/02_build_hig_sources.py	output/adressregister_cache	writes	true	false	false	false	[frag_A] bev_register.py:121-124,138-142	
output/kataster/at_dkm_gst_nfl_epsg31287.geoparquet	scripts/widmung_v2/02_build_hig_sources.py	reads	true	true	false	false	[frag_A] hig_detection.py:162 (pads.dataset in scan_dkm_candidates); [frag_E] scripts/widmung_v2/02_build_hig_sources.py:114,197	via windkraft/calc/streusiedlung.py:80,99 -> scan_dkm_candidates
output/noe/pdf_750m_*.geojson	scripts/widmung_v2/02_build_hig_sources.py	reads	true	true	false	false	[frag_E] scripts/widmung_v2/02_build_hig_sources.py:196 (--noe-dir Default)	via noe_pdf_source_mask()/noe_pdf_mask() in hig_source_masks.py
output/noe/pdf_750m_geb.geojson	scripts/widmung_v2/02_build_hig_sources.py	reads	true	true	false	true	[frag_A] hig_source_masks.py:61-68 (noe_pdf_layer_masks/noe_pdf_mask)	Fehlende Datei -> nur Warnung + Nullmaske (kein harter Abbruch).
output/noe/pdf_750m_gruenland_widmung.geojson	scripts/widmung_v2/02_build_hig_sources.py	reads	true	true	false	true	[frag_A] hig_source_masks.py:61-68 (noe_pdf_layer_masks/noe_pdf_mask)	Fehlende Datei -> nur Warnung + Nullmaske (kein harter Abbruch).
output/noe/pdf_750m_gwr.geojson	scripts/widmung_v2/02_build_hig_sources.py	reads	true	true	false	true	[frag_A] hig_source_masks.py:61-68 (noe_pdf_layer_masks/noe_pdf_mask)	Fehlende Datei -> nur Warnung + Nullmaske (kein harter Abbruch).
output/noe/pdf_hig_source_*.geojson	scripts/widmung_v2/02_build_hig_sources.py	reads	true	true	false	true	[frag_E] scripts/widmung_v2/02_build_hig_sources.py:196 (--noe-dir Default)	Dateien liegen vor, aber laut docs/widmung_v2_provenance.md:152 wird das daraus erzeugte Band noe_pdf_hig_source downstream nicht mehr referenziert -> praktisch fauler Pfad
output/noe/pdf_hig_source_geb.geojson	scripts/widmung_v2/02_build_hig_sources.py	reads	true	true	false	false	[frag_A] hig_source_masks.py:86-96 (noe_pdf_source_mask)	HARTER Fehler (FileNotFoundError) falls Datei fehlt: 'ein leeres NÖ-Quellband wuerde lautlos einen Grossteil des NÖ-Ausschlusses entfernen'.
output/noe/pdf_hig_source_gruenland_widmung.geojson	scripts/widmung_v2/02_build_hig_sources.py	reads	true	true	false	false	[frag_A] hig_source_masks.py:86-96 (noe_pdf_source_mask)	HARTER Fehler (FileNotFoundError) falls Datei fehlt: 'ein leeres NÖ-Quellband wuerde lautlos einen Grossteil des NÖ-Ausschlusses entfernen'.
output/noe/pdf_hig_source_gwr.geojson	scripts/widmung_v2/02_build_hig_sources.py	reads	true	true	false	false	[frag_A] hig_source_masks.py:86-96 (noe_pdf_source_mask)	HARTER Fehler (FileNotFoundError) falls Datei fehlt: 'ein leeres NÖ-Quellband wuerde lautlos einen Grossteil des NÖ-Ausschlusses entfernen'.
scripts/widmung_v2/02_build_hig_sources.py	windkraft/calc/abschichtung_common.py	imports	false	false	false	false	[frag_A] 02_build_hig_sources.py:42-54	
scripts/widmung_v2/02_build_hig_sources.py	windkraft/calc/abschichtung_common.py	invokes	false	false	false	false	[frag_F] scripts/widmung_v2/02_build_hig_sources.py:42	Import
scripts/widmung_v2/02_build_hig_sources.py	windkraft/calc/bev_register.py	imports	false	false	false	false	[frag_A] 02_build_hig_sources.py:55	
scripts/widmung_v2/02_build_hig_sources.py	windkraft/calc/hig_detection.py	imports	false	false	false	false	[frag_A] 02_build_hig_sources.py:56-69	
scripts/widmung_v2/02_build_hig_sources.py	windkraft/calc/hig_source_masks.py	imports	false	false	false	false	[frag_A] 02_build_hig_sources.py:71-77	
scripts/widmung_v2/02_build_hig_sources.py	windkraft/calc/hig_source_masks.py	reads	false	false	false	false	[frag_E] scripts/widmung_v2/02_build_hig_sources.py:66-71,97 (zoning_masks-Import/Aufruf)	indirekt via zoning_masks()
scripts/widmung_v2/02_build_hig_sources.py	windkraft/calc/streusiedlung.py	imports	false	false	false	false	[frag_A] 02_build_hig_sources.py:70	
scripts/widmung_v2/02_build_hig_sources.py	windkraft/config.py	imports	false	false	false	false	[frag_A] 02_build_hig_sources.py:41	
scripts/widmung_v2/03_build_osm_layers.py	cfg:buffers.major_airport_osm_ids	reads	false	false	false	true	[frag_A] abschichtung_common.py:1115 (build_airport_corridor_masks)	
scripts/widmung_v2/03_build_osm_layers.py	cfg:paths.powerlines_gpkg	reads	false	false	false	true	[frag_A] abschichtung_common.py:966-979	Nur Fallback wenn --osm-pbf nicht existiert; mit dem Default-PBF vorhanden aktuell unwirksam.
scripts/widmung_v2/03_build_osm_layers.py	cfg:paths.vgd	reads	false	false	false	false	[frag_A] abschichtung_common.py:624 (admin_boundaries), aufgerufen 03_build_osm_layers.py:161	
config.json	scripts/widmung_v2/03_build_osm_layers.py	reads	true	true	false	false	[frag_A] 03_build_osm_layers.py:241 (load_config)	
data/austria-260328-free.shp	scripts/widmung_v2/03_build_osm_layers.py	reads	true	true	false	true	[frag_A] abschichtung_common.py:473-485 (osm_layer_path Legacy-Fallback)	Nur falls das PBF fehlt; aktuell nicht aktiv, da data/austria-260330.osm.pbf vorhanden ist.
data/austria-260330.osm.pbf	scripts/widmung_v2/03_build_osm_layers.py	reads	true	true	false	false	[frag_A] 03_build_osm_layers.py:133-136 (buildings), 145-148 (windpower), 151-154 (aerialways); [frag_A] abschichtung_common.py:966-1010 (build_infrastructure_masks: powerlines/roads/railways/aerialways/military); [frag_A] abschichtung_common.py:1105-1108 (build_airport_corridor_masks: transport layer)	Uebersprungen bei --skip-infra.
scripts/widmung_v2/03_build_osm_layers.py	layer:airport_area_major	writes	true	false	false	true	[frag_A] 03_build_osm_layers.py:265 (build_airport_corridor_masks)	Uebersprungen bei --skip-infra.
scripts/widmung_v2/03_build_osm_layers.py	layer:airport_runway_corridor_5km	writes	true	false	false	true	[frag_A] 03_build_osm_layers.py:265 (build_airport_corridor_masks)	Uebersprungen bei --skip-infra.
layer:bewohnt_einzellage_source	scripts/widmung_v2/03_build_osm_layers.py	reads	true	true	false	false	[frag_A] 03_build_osm_layers.py:78-85,104-117,160,165 (OFFICIAL_COVER_LAYERS / _require_hig_layers)	Teil der 6 hart geprueften OFFICIAL_COVER_LAYERS (_require_hig_layers wirft FileNotFoundError bei fehlendem Checkpoint).
scripts/widmung_v2/03_build_osm_layers.py	layer:cableway_buildings_source	writes	true	false	false	false	[frag_A] 03_build_osm_layers.py:197-200,257-262 (ensure_group_layers)	
scripts/widmung_v2/03_build_osm_layers.py	layer:cableway_people_150m	writes	true	false	false	true	[frag_A] 03_build_osm_layers.py:264 (build_infrastructure_masks)	Uebersprungen bei --skip-infra.
layer:ferienhaus_tourismus_source	scripts/widmung_v2/03_build_osm_layers.py	reads	true	true	false	false	[frag_A] 03_build_osm_layers.py:78-85,104-117,160,165 (OFFICIAL_COVER_LAYERS / _require_hig_layers)	Teil der 6 hart geprueften OFFICIAL_COVER_LAYERS (_require_hig_layers wirft FileNotFoundError bei fehlendem Checkpoint).
scripts/widmung_v2/03_build_osm_layers.py	layer:general_buildings_source	writes	true	false	false	false	[frag_A] 03_build_osm_layers.py:197-200,257-262 (ensure_group_layers)	
layer:hig_hulls_source	scripts/widmung_v2/03_build_osm_layers.py	reads	true	true	false	false	[frag_A] 03_build_osm_layers.py:78-85,104-117,160,165 (OFFICIAL_COVER_LAYERS / _require_hig_layers)	Teil der 6 hart geprueften OFFICIAL_COVER_LAYERS (_require_hig_layers wirft FileNotFoundError bei fehlendem Checkpoint).
scripts/widmung_v2/03_build_osm_layers.py	layer:military_restricted_area	writes	true	false	false	true	[frag_A] 03_build_osm_layers.py:264 (build_infrastructure_masks)	Uebersprungen bei --skip-infra.
layer:noe_pdf_750m_zones	scripts/widmung_v2/03_build_osm_layers.py	reads	true	true	false	false	[frag_A] 03_build_osm_layers.py:78-85,104-117,160,165 (OFFICIAL_COVER_LAYERS / _require_hig_layers)	Teil der 6 hart geprueften OFFICIAL_COVER_LAYERS (_require_hig_layers wirft FileNotFoundError bei fehlendem Checkpoint).
layer:official_hig_source	scripts/widmung_v2/03_build_osm_layers.py	reads	true	true	false	false	[frag_A] 03_build_osm_layers.py:78-85,104-117,160,165 (OFFICIAL_COVER_LAYERS / _require_hig_layers)	Teil der 6 hart geprueften OFFICIAL_COVER_LAYERS (_require_hig_layers wirft FileNotFoundError bei fehlendem Checkpoint).
layer:official_settlement_source	scripts/widmung_v2/03_build_osm_layers.py	reads	true	true	false	false	[frag_A] 03_build_osm_layers.py:78-85,104-117,160,165 (OFFICIAL_COVER_LAYERS / _require_hig_layers)	Teil der 6 hart geprueften OFFICIAL_COVER_LAYERS (_require_hig_layers wirft FileNotFoundError bei fehlendem Checkpoint).
scripts/widmung_v2/03_build_osm_layers.py	layer:rail_main	writes	true	false	false	true	[frag_A] 03_build_osm_layers.py:264 (build_infrastructure_masks)	Uebersprungen bei --skip-infra.
scripts/widmung_v2/03_build_osm_layers.py	layer:road_federal_state	writes	true	false	false	true	[frag_A] 03_build_osm_layers.py:264 (build_infrastructure_masks)	Uebersprungen bei --skip-infra.
scripts/widmung_v2/03_build_osm_layers.py	layer:road_motorway_trunk	writes	true	false	false	true	[frag_A] 03_build_osm_layers.py:264 (build_infrastructure_masks)	Uebersprungen bei --skip-infra.
output/abschichtung/osm_pbf_layers	scripts/widmung_v2/03_build_osm_layers.py	reads	true	true	false	false	[frag_A] abschichtung_common.py:486-514 (Cache-Hit); [frag_E] scripts/widmung_v2/03_build_osm_layers.py:134,146,152,232	osm_layer_path() Aufrufe für buildings/windpower/aerialways/...
scripts/widmung_v2/03_build_osm_layers.py	output/abschichtung/osm_pbf_layers	writes	true	false	false	false	[frag_A] abschichtung_common.py:457-465,489-513	
output/abschichtung_widmung_v2/distance_layers	scripts/widmung_v2/03_build_osm_layers.py	reads	true	true	false	false	[frag_E] scripts/widmung_v2/03_build_osm_layers.py:204 (_source_fingerprint)	Fingerprint der Stufe-2-Outputs zur Checkpoint-Invalidierung
scripts/widmung_v2/03_build_osm_layers.py	output/abschichtung_widmung_v2/distance_layers	writes	true	false	false	false	[frag_E] scripts/widmung_v2/03_build_osm_layers.py:215; windkraft/calc/abschichtung_common.py:1443-1444	Gebäude/Straße/Bahn/Seilbahn/Militär/Flughafen-Checkpoints
scripts/widmung_v2/03_build_osm_layers.py	windkraft/calc/abschichtung_common.py	imports	false	false	false	false	[frag_A] 03_build_osm_layers.py:53-73	
scripts/widmung_v2/03_build_osm_layers.py	windkraft/calc/abschichtung_common.py	invokes	false	false	false	false	[frag_F] scripts/widmung_v2/03_build_osm_layers.py:53	Import
scripts/widmung_v2/03_build_osm_layers.py	windkraft/config.py	imports	false	false	false	false	[frag_A] 03_build_osm_layers.py:52	
scripts/widmung_v2/04_create_distance_zones.py	cfg:buffers.major_airport_osm_ids	reads	false	false	false	true	[frag_A] abschichtung_common.py:1115	Nur falls Airport-Korridore (Stufe 03) neu gebaut werden muessten; in 04 selbst nicht direkt aufgerufen (Airport-Baender sind reine REQUIRED_SOURCE_LAYERS-Konsumenten aus 03).
scripts/widmung_v2/04_create_distance_zones.py	cfg:paths.dgm	reads	false	false	false	false	[frag_A] abschichtung_common.py:1256 (build_geography_masks)	
scripts/widmung_v2/04_create_distance_zones.py	cfg:paths.nsg_zip	reads	false	false	false	false	[frag_A] abschichtung_common.py:1164-1194 (_build_official_nature_mask)	
scripts/widmung_v2/04_create_distance_zones.py	cfg:paths.vgd	reads	false	false	false	false	[frag_A] abschichtung_common.py:624 (admin_boundaries), aufgerufen 04_create_distance_zones.py:261,286,349,392	
scripts/widmung_v2/04_create_distance_zones.py	cfg:paths.wind_pd_150	reads	false	false	false	false	[frag_A] abschichtung_common.py:1282 (build_geography_masks)	
config.json	scripts/widmung_v2/04_create_distance_zones.py	reads	true	true	false	false	[frag_A] 04_create_distance_zones.py:389 (load_config)	
data/RED_III_Windkraftbeschleunigungszone.zip	scripts/widmung_v2/04_create_distance_zones.py	reads	true	true	false	true	[frag_A] wind_zones.py:120,177-190 (hartkodiert)	Gleiches Silent-Skip-Risiko wie WK_Eignungszonen.zip.
data/WK_Eignungszonen.zip	scripts/widmung_v2/04_create_distance_zones.py	reads	true	true	false	true	[frag_A] wind_zones.py:105,177-190 (hartkodiert, nicht per CLI ueberschreibbar)	Fehlt lokal (gitignorter data/-Baum) -> stiller Skip (nur Warnung), Band 37 dadurch unbemerkt unvollstaendig.
data/austria-260330.osm.pbf	scripts/widmung_v2/04_create_distance_zones.py	reads	true	true	false	false	[frag_A] abschichtung_common.py:1199 (_build_osm_nature_mask) / 1315 (build_water_masks) / 1105-1108,310-313 (transport/windpower)	
data/luca_zonen/Sbg.shp	scripts/widmung_v2/04_create_distance_zones.py	reads	true	true	false	true	[frag_A] 04_create_distance_zones.py:370-371,1352 (load_wind_zones -> wind_zones.py:183)	
data/luca_zonen/Stmk.shp	scripts/widmung_v2/04_create_distance_zones.py	reads	true	true	false	true	[frag_A] 04_create_distance_zones.py:370-371,1352 (load_wind_zones -> wind_zones.py:183, --vorrangzonen-dir Default)	--no-vorrangzonen deaktiviert; fehlende Datei -> Warnung + Skip.
data/zonierung_noe.json	scripts/widmung_v2/04_create_distance_zones.py	reads	true	true	false	true	[frag_A] 04_create_distance_zones.py:365-369,1344-1349 (build_official_zoning_masks, --official-zoning-geojson Default)	Fehlt die Datei: nur Warnung, kein Abbruch.
layer:airport_area_major	scripts/widmung_v2/04_create_distance_zones.py	reads	true	true	false	false	[frag_A] 04_create_distance_zones.py:210-226,233-239 (REQUIRED_SOURCE_LAYERS / _check_required_sources); [frag_A] abschichtung_common.py:1580-1583 (compose_exclusion_geotiff liest jedes Bedingungsband aus BANDS erneut aus layer_dir, unabhaengig davon wer es geschrieben hat)	Hart geprueft: FileNotFoundError falls einer dieser 15 Checkpoints fehlt.
layer:airport_runway_corridor_5km	scripts/widmung_v2/04_create_distance_zones.py	reads	true	true	false	false	[frag_A] 04_create_distance_zones.py:210-226,233-239 (REQUIRED_SOURCE_LAYERS / _check_required_sources); [frag_A] abschichtung_common.py:1580-1583 (compose_exclusion_geotiff liest jedes Bedingungsband aus BANDS erneut aus layer_dir, unabhaengig davon wer es geschrieben hat)	Hart geprueft: FileNotFoundError falls einer dieser 15 Checkpoints fehlt.
layer:cableway_buildings_buffer	scripts/widmung_v2/04_create_distance_zones.py	reads	true	true	false	false	[frag_A] abschichtung_common.py:1580-1583 (compose_exclusion_geotiff liest jedes Bedingungsband aus BANDS erneut aus layer_dir, unabhaengig davon wer es geschrieben hat)	
scripts/widmung_v2/04_create_distance_zones.py	layer:cableway_buildings_buffer	writes	true	false	false	false	[frag_A] 04_create_distance_zones.py:273-298,432-436 (build_v2_buffers)	
layer:cableway_buildings_source	scripts/widmung_v2/04_create_distance_zones.py	reads	true	true	false	false	[frag_A] 04_create_distance_zones.py:210-226,233-239 (REQUIRED_SOURCE_LAYERS / _check_required_sources); [frag_A] 04_create_distance_zones.py:295-297 (build_v2_buffers, uniform_buffer_cell_mask)	Hart geprueft: FileNotFoundError falls einer dieser 15 Checkpoints fehlt.
layer:cableway_people_150m	scripts/widmung_v2/04_create_distance_zones.py	reads	true	true	false	false	[frag_A] 04_create_distance_zones.py:210-226,233-239 (REQUIRED_SOURCE_LAYERS / _check_required_sources); [frag_A] abschichtung_common.py:1580-1583 (compose_exclusion_geotiff liest jedes Bedingungsband aus BANDS erneut aus layer_dir, unabhaengig davon wer es geschrieben hat)	Hart geprueft: FileNotFoundError falls einer dieser 15 Checkpoints fehlt.
layer:ferienhaus_tourismus_source	scripts/widmung_v2/04_create_distance_zones.py	reads	true	true	false	false	[frag_A] 04_create_distance_zones.py:210-226,233-239 (REQUIRED_SOURCE_LAYERS / _check_required_sources); [frag_A] 04_create_distance_zones.py:266 (build_hig_family_sources)	Hart geprueft: FileNotFoundError falls einer dieser 15 Checkpoints fehlt.
layer:general_buildings_buffer	scripts/widmung_v2/04_create_distance_zones.py	reads	true	true	false	false	[frag_A] abschichtung_common.py:1580-1583 (compose_exclusion_geotiff liest jedes Bedingungsband aus BANDS erneut aus layer_dir, unabhaengig davon wer es geschrieben hat)	
scripts/widmung_v2/04_create_distance_zones.py	layer:general_buildings_buffer	writes	true	false	false	false	[frag_A] 04_create_distance_zones.py:273-298,432-436 (build_v2_buffers)	
layer:general_buildings_source	scripts/widmung_v2/04_create_distance_zones.py	reads	true	true	false	false	[frag_A] 04_create_distance_zones.py:210-226,233-239 (REQUIRED_SOURCE_LAYERS / _check_required_sources); [frag_A] 04_create_distance_zones.py:295-297 (build_v2_buffers, uniform_buffer_cell_mask)	Hart geprueft: FileNotFoundError falls einer dieser 15 Checkpoints fehlt.
layer:geography_elevation_too_high	scripts/widmung_v2/04_create_distance_zones.py	reads	true	true	false	false	[frag_A] abschichtung_common.py:1580-1583 (compose_exclusion_geotiff liest jedes Bedingungsband aus BANDS erneut aus layer_dir, unabhaengig davon wer es geschrieben hat)	
scripts/widmung_v2/04_create_distance_zones.py	layer:geography_elevation_too_high	writes	true	false	false	false	[frag_A] 04_create_distance_zones.py:444 (build_geography_masks)	
layer:geography_slope_too_steep	scripts/widmung_v2/04_create_distance_zones.py	reads	true	true	false	false	[frag_A] abschichtung_common.py:1580-1583 (compose_exclusion_geotiff liest jedes Bedingungsband aus BANDS erneut aus layer_dir, unabhaengig davon wer es geschrieben hat)	
scripts/widmung_v2/04_create_distance_zones.py	layer:geography_slope_too_steep	writes	true	false	false	false	[frag_A] 04_create_distance_zones.py:444 (build_geography_masks)	
layer:geography_water_bodies	scripts/widmung_v2/04_create_distance_zones.py	reads	true	true	false	false	[frag_A] abschichtung_common.py:1580-1583 (compose_exclusion_geotiff liest jedes Bedingungsband aus BANDS erneut aus layer_dir, unabhaengig davon wer es geschrieben hat)	
scripts/widmung_v2/04_create_distance_zones.py	layer:geography_water_bodies	writes	true	false	false	false	[frag_A] 04_create_distance_zones.py:445 (build_water_masks)	
layer:geography_wind_too_low	scripts/widmung_v2/04_create_distance_zones.py	reads	true	true	false	false	[frag_A] abschichtung_common.py:1580-1583 (compose_exclusion_geotiff liest jedes Bedingungsband aus BANDS erneut aus layer_dir, unabhaengig davon wer es geschrieben hat)	
scripts/widmung_v2/04_create_distance_zones.py	layer:geography_wind_too_low	writes	true	false	false	false	[frag_A] 04_create_distance_zones.py:444 (build_geography_masks)	
layer:haeuser_im_gruenen	scripts/widmung_v2/04_create_distance_zones.py	reads	true	true	false	false	[frag_A] abschichtung_common.py:1580-1583 (compose_exclusion_geotiff liest jedes Bedingungsband aus BANDS erneut aus layer_dir, unabhaengig davon wer es geschrieben hat)	
scripts/widmung_v2/04_create_distance_zones.py	layer:haeuser_im_gruenen	writes	true	false	false	false	[frag_A] 04_create_distance_zones.py:273-298,432-436 (build_v2_buffers)	
layer:haeuser_im_gruenen_ferienhaus	scripts/widmung_v2/04_create_distance_zones.py	reads	true	true	false	false	[frag_A] 04_create_distance_zones.py:275-284 (build_v2_buffers)	
scripts/widmung_v2/04_create_distance_zones.py	layer:haeuser_im_gruenen_ferienhaus	writes	true	false	false	false	[frag_A] 04_create_distance_zones.py:249-270,427-431 (build_hig_family_sources)	
layer:haeuser_im_gruenen_noe_pdf	scripts/widmung_v2/04_create_distance_zones.py	reads	true	true	false	false	[frag_A] 04_create_distance_zones.py:275-284 (build_v2_buffers)	
scripts/widmung_v2/04_create_distance_zones.py	layer:haeuser_im_gruenen_noe_pdf	writes	true	false	false	false	[frag_A] 04_create_distance_zones.py:249-270,427-431 (build_hig_family_sources)	
layer:haeuser_im_gruenen_streusiedlung	scripts/widmung_v2/04_create_distance_zones.py	reads	true	true	false	false	[frag_A] 04_create_distance_zones.py:275-284 (build_v2_buffers)	
scripts/widmung_v2/04_create_distance_zones.py	layer:haeuser_im_gruenen_streusiedlung	writes	true	false	false	false	[frag_A] 04_create_distance_zones.py:249-270,427-431 (build_hig_family_sources)	
layer:haeuser_im_gruenen_widmung	scripts/widmung_v2/04_create_distance_zones.py	reads	true	true	false	false	[frag_A] 04_create_distance_zones.py:275-284 (build_v2_buffers)	
scripts/widmung_v2/04_create_distance_zones.py	layer:haeuser_im_gruenen_widmung	writes	true	false	false	false	[frag_A] 04_create_distance_zones.py:249-270,427-431 (build_hig_family_sources)	
layer:hig_hulls_source	scripts/widmung_v2/04_create_distance_zones.py	reads	true	true	false	false	[frag_A] 04_create_distance_zones.py:210-226,233-239 (REQUIRED_SOURCE_LAYERS / _check_required_sources); [frag_A] 04_create_distance_zones.py:268 (build_hig_family_sources, NÖ ausmaskiert)	Hart geprueft: FileNotFoundError falls einer dieser 15 Checkpoints fehlt.
layer:military_restricted_area	scripts/widmung_v2/04_create_distance_zones.py	reads	true	true	false	false	[frag_A] 04_create_distance_zones.py:210-226,233-239 (REQUIRED_SOURCE_LAYERS / _check_required_sources); [frag_A] abschichtung_common.py:1580-1583 (compose_exclusion_geotiff liest jedes Bedingungsband aus BANDS erneut aus layer_dir, unabhaengig davon wer es geschrieben hat)	Hart geprueft: FileNotFoundError falls einer dieser 15 Checkpoints fehlt.
layer:nature_protection_areas	scripts/widmung_v2/04_create_distance_zones.py	reads	true	true	false	false	[frag_A] abschichtung_common.py:1580-1583 (compose_exclusion_geotiff liest jedes Bedingungsband aus BANDS erneut aus layer_dir, unabhaengig davon wer es geschrieben hat)	
scripts/widmung_v2/04_create_distance_zones.py	layer:nature_protection_areas	writes	true	false	false	false	[frag_A] 04_create_distance_zones.py:443 (build_nature_masks)	
layer:noe_pdf_750m_zones	scripts/widmung_v2/04_create_distance_zones.py	reads	true	true	false	false	[frag_A] 04_create_distance_zones.py:210-226,233-239 (REQUIRED_SOURCE_LAYERS / _check_required_sources); [frag_A] 04_create_distance_zones.py:269 (build_hig_family_sources)	Hart geprueft: FileNotFoundError falls einer dieser 15 Checkpoints fehlt.
layer:nonresidential_hulls_buffer	scripts/widmung_v2/04_create_distance_zones.py	reads	true	true	false	false	[frag_A] abschichtung_common.py:1580-1583 (compose_exclusion_geotiff liest jedes Bedingungsband aus BANDS erneut aus layer_dir, unabhaengig davon wer es geschrieben hat)	
scripts/widmung_v2/04_create_distance_zones.py	layer:nonresidential_hulls_buffer	writes	true	false	false	false	[frag_A] 04_create_distance_zones.py:273-298,432-436 (build_v2_buffers)	
layer:nonresidential_hulls_source	scripts/widmung_v2/04_create_distance_zones.py	reads	true	true	false	false	[frag_A] 04_create_distance_zones.py:210-226,233-239 (REQUIRED_SOURCE_LAYERS / _check_required_sources); [frag_A] 04_create_distance_zones.py:295-297 (build_v2_buffers, uniform_buffer_cell_mask)	Hart geprueft: FileNotFoundError falls einer dieser 15 Checkpoints fehlt.
layer:official_hig_source	scripts/widmung_v2/04_create_distance_zones.py	reads	true	true	false	false	[frag_A] 04_create_distance_zones.py:210-226,233-239 (REQUIRED_SOURCE_LAYERS / _check_required_sources); [frag_A] 04_create_distance_zones.py:267 (build_hig_family_sources, NÖ ausmaskiert)	Hart geprueft: FileNotFoundError falls einer dieser 15 Checkpoints fehlt.
layer:official_settlement_source	scripts/widmung_v2/04_create_distance_zones.py	reads	true	true	false	false	[frag_A] 04_create_distance_zones.py:210-226,233-239 (REQUIRED_SOURCE_LAYERS / _check_required_sources); [frag_A] 04_create_distance_zones.py:278 (build_v2_buffers)	Hart geprueft: FileNotFoundError falls einer dieser 15 Checkpoints fehlt.
layer:official_wind_zoning	scripts/widmung_v2/04_create_distance_zones.py	reads	true	true	false	false	[frag_A] 04_create_distance_zones.py:319,457-466 (build_wka_bestand_hulls testet WKA-Punkte gegen das gerade geschriebene Band)	
scripts/widmung_v2/04_create_distance_zones.py	layer:official_wind_zoning	writes	true	false	false	false	[frag_A] 04_create_distance_zones.py:456 (build_official_zoning_masks)	
layer:osm_nature_protection_areas	scripts/widmung_v2/04_create_distance_zones.py	reads	true	true	false	false	[frag_A] abschichtung_common.py:1580-1583 (compose_exclusion_geotiff liest jedes Bedingungsband aus BANDS erneut aus layer_dir, unabhaengig davon wer es geschrieben hat)	
scripts/widmung_v2/04_create_distance_zones.py	layer:osm_nature_protection_areas	writes	true	false	false	false	[frag_A] 04_create_distance_zones.py:443 (build_nature_masks)	
layer:rail_main	scripts/widmung_v2/04_create_distance_zones.py	reads	true	true	false	false	[frag_A] 04_create_distance_zones.py:210-226,233-239 (REQUIRED_SOURCE_LAYERS / _check_required_sources); [frag_A] abschichtung_common.py:1580-1583 (compose_exclusion_geotiff liest jedes Bedingungsband aus BANDS erneut aus layer_dir, unabhaengig davon wer es geschrieben hat)	Hart geprueft: FileNotFoundError falls einer dieser 15 Checkpoints fehlt.
layer:road_federal_state	scripts/widmung_v2/04_create_distance_zones.py	reads	true	true	false	false	[frag_A] 04_create_distance_zones.py:210-226,233-239 (REQUIRED_SOURCE_LAYERS / _check_required_sources); [frag_A] abschichtung_common.py:1580-1583 (compose_exclusion_geotiff liest jedes Bedingungsband aus BANDS erneut aus layer_dir, unabhaengig davon wer es geschrieben hat)	Hart geprueft: FileNotFoundError falls einer dieser 15 Checkpoints fehlt.
layer:road_motorway_trunk	scripts/widmung_v2/04_create_distance_zones.py	reads	true	true	false	false	[frag_A] 04_create_distance_zones.py:210-226,233-239 (REQUIRED_SOURCE_LAYERS / _check_required_sources); [frag_A] abschichtung_common.py:1580-1583 (compose_exclusion_geotiff liest jedes Bedingungsband aus BANDS erneut aus layer_dir, unabhaengig davon wer es geschrieben hat)	Hart geprueft: FileNotFoundError falls einer dieser 15 Checkpoints fehlt.
layer:settlement_buffer	scripts/widmung_v2/04_create_distance_zones.py	reads	true	true	false	false	[frag_A] abschichtung_common.py:1580-1583 (compose_exclusion_geotiff liest jedes Bedingungsband aus BANDS erneut aus layer_dir, unabhaengig davon wer es geschrieben hat)	
scripts/widmung_v2/04_create_distance_zones.py	layer:settlement_buffer	writes	true	false	false	false	[frag_A] 04_create_distance_zones.py:273-298,432-436 (build_v2_buffers)	
layer:settlement_buffer_<variant>	scripts/widmung_v2/04_create_distance_zones.py	reads	true	true	false	true	[frag_A] abschichtung_common.py:1641-1656 (compose_exclusion_geotiff, variant_source_band-Schleife)	Nur bei --settlement-variants (Default: False).
scripts/widmung_v2/04_create_distance_zones.py	layer:settlement_buffer_<variant>	writes	true	false	false	true	[frag_A] 04_create_distance_zones.py:342-355,437-442 (build_settlement_variant_buffers)	Nur bei --settlement-variants (Default: False, im Clean-Schema standardmaessig aus).
layer:wka_bestand_ausserhalb_zonen	scripts/widmung_v2/04_create_distance_zones.py	reads	true	true	false	false	[frag_A] abschichtung_common.py:1633-1638 (compose_exclusion_geotiff, trailing_bands)	
scripts/widmung_v2/04_create_distance_zones.py	layer:wka_bestand_ausserhalb_zonen	writes	true	false	false	false	[frag_A] 04_create_distance_zones.py:301-339,462-466 (build_wka_bestand_hulls)	
output/abschichtung/osm_pbf_layers	scripts/widmung_v2/04_create_distance_zones.py	reads	true	true	false	false	[frag_E] scripts/widmung_v2/04_create_distance_zones.py:379	--osm-pbf-cache-dir Default, geteilt mit Skript 03
output/abschichtung_widmung_v2/distance_layers	scripts/widmung_v2/04_create_distance_zones.py	reads	true	true	false	false	[frag_E] scripts/widmung_v2/04_create_distance_zones.py:210-226,234,242-246,362	_check_required_sources()/_source_fingerprint() über REQUIRED_SOURCE_LAYERS (15 Namen)
scripts/widmung_v2/04_create_distance_zones.py	output/abschichtung_widmung_v2/osm_wka_distance_zones_widmung_v2.bands.json	writes	true	false	false	false	[frag_A] 04_create_distance_zones.py:524 (write_band_manifest)	
scripts/widmung_v2/04_create_distance_zones.py	output/abschichtung_widmung_v2/osm_wka_distance_zones_widmung_v2.tif	writes	true	false	false	false	[frag_A] 04_create_distance_zones.py:501-519 (compose_exclusion_geotiff)	
scripts/widmung_v2/04_create_distance_zones.py	windkraft/calc/abschichtung_common.py	imports	false	false	false	false	[frag_A] 04_create_distance_zones.py:83-122	
scripts/widmung_v2/04_create_distance_zones.py	windkraft/calc/abschichtung_common.py	invokes	false	false	false	false	[frag_F] scripts/widmung_v2/04_create_distance_zones.py:83	Import
scripts/widmung_v2/04_create_distance_zones.py	windkraft/calc/band_manifest.py	imports	false	false	false	false	[frag_A] 04_create_distance_zones.py:124	
scripts/widmung_v2/04_create_distance_zones.py	windkraft/config.py	imports	false	false	false	false	[frag_A] 04_create_distance_zones.py:82	
layer:general_buildings_buffer	scripts/widmung_v2/05_validate.py	reads	true	true	false	true	[frag_A] 05_validate.py:44-111,117-149 (TEST_POINTS/BandReader, --layer-dir Modus)	Liest je nach Modus entweder den Einzel-Checkpoint (layer-dir) ODER dasselbe Band aus dem finalen TIF (--tif); kein windkraft-Import, direkter rasterio-Zugriff.
layer:general_buildings_source	scripts/widmung_v2/05_validate.py	reads	true	true	false	true	[frag_A] 05_validate.py:44-111,117-149 (TEST_POINTS/BandReader, --layer-dir Modus)	Liest je nach Modus entweder den Einzel-Checkpoint (layer-dir) ODER dasselbe Band aus dem finalen TIF (--tif); kein windkraft-Import, direkter rasterio-Zugriff.
layer:haeuser_im_gruenen	scripts/widmung_v2/05_validate.py	reads	true	true	false	true	[frag_A] 05_validate.py:44-111,117-149 (TEST_POINTS/BandReader, --layer-dir Modus)	Liest je nach Modus entweder den Einzel-Checkpoint (layer-dir) ODER dasselbe Band aus dem finalen TIF (--tif); kein windkraft-Import, direkter rasterio-Zugriff.
layer:haeuser_im_gruenen_ferienhaus	scripts/widmung_v2/05_validate.py	reads	true	true	false	true	[frag_A] 05_validate.py:44-111,117-149 (TEST_POINTS/BandReader, --layer-dir Modus)	Liest je nach Modus entweder den Einzel-Checkpoint (layer-dir) ODER dasselbe Band aus dem finalen TIF (--tif); kein windkraft-Import, direkter rasterio-Zugriff.
layer:haeuser_im_gruenen_noe_pdf	scripts/widmung_v2/05_validate.py	reads	true	true	false	true	[frag_A] 05_validate.py:44-111,117-149 (TEST_POINTS/BandReader, --layer-dir Modus)	Liest je nach Modus entweder den Einzel-Checkpoint (layer-dir) ODER dasselbe Band aus dem finalen TIF (--tif); kein windkraft-Import, direkter rasterio-Zugriff.
layer:haeuser_im_gruenen_streusiedlung	scripts/widmung_v2/05_validate.py	reads	true	true	false	true	[frag_A] 05_validate.py:44-111,117-149 (TEST_POINTS/BandReader, --layer-dir Modus)	Liest je nach Modus entweder den Einzel-Checkpoint (layer-dir) ODER dasselbe Band aus dem finalen TIF (--tif); kein windkraft-Import, direkter rasterio-Zugriff.
layer:nonresidential_hulls_source	scripts/widmung_v2/05_validate.py	reads	true	true	false	true	[frag_A] 05_validate.py:44-111,117-149 (TEST_POINTS/BandReader, --layer-dir Modus)	Liest je nach Modus entweder den Einzel-Checkpoint (layer-dir) ODER dasselbe Band aus dem finalen TIF (--tif); kein windkraft-Import, direkter rasterio-Zugriff.
layer:official_settlement_source	scripts/widmung_v2/05_validate.py	reads	true	true	false	true	[frag_A] 05_validate.py:44-111,117-149 (TEST_POINTS/BandReader, --layer-dir Modus)	Liest je nach Modus entweder den Einzel-Checkpoint (layer-dir) ODER dasselbe Band aus dem finalen TIF (--tif); kein windkraft-Import, direkter rasterio-Zugriff.
output/abschichtung_widmung_v2/distance_layers	scripts/widmung_v2/05_validate.py	reads	true	true	false	true	[frag_E] scripts/widmung_v2/05_validate.py:140,180,188-189	nur wenn --layer-dir statt --tif übergeben wird
output/abschichtung_widmung_v2/osm_wka_distance_zones_widmung_v2.tif	scripts/widmung_v2/05_validate.py	reads	true	true	false	true	[frag_A] 05_validate.py:117-119,181 (--tif Modus); [frag_E] scripts/widmung_v2/05_validate.py:26,119,188-189	nur wenn --tif übergeben wird (05_validate.py:25-26 zeigt beide Modi als Alternativen)
tests/test_band_manifest.py	windkraft/calc/band_manifest.py	reads	false	false	false	false	[frag_F] tests/test_band_manifest.py:24	Prueft Vertrag: 38 Baender, Pflichtfelder, Farben, category_order.
tests/test_band_metadata.py	windkraft/viz/band_metadata.py	reads	false	false	false	false	[frag_F] tests/test_band_metadata.py:16	Prueft Kategorien/Farben/Sichtbarkeit der 38 Baender.
tests/test_check_hardlink_safety.py	tools/check_hardlink_safety.py	reads	false	false	false	false	[frag_F] tests/test_check_hardlink_safety.py:22	Arbeitet auf tempfile-Verzeichnis, nicht auf echten data/output-Baeumen.
tests/test_distance_engine_equivalence.py	windkraft/calc/distance_engine.py	reads	false	false	false	false	[frag_F] tests/test_distance_engine_equivalence.py:28-29	Vergleicht fft_circle_dilation/ns_kind gegen unveraendertes Alt-Repo unter /Users/jhurt/Documents/windkraft_ö_karten/windkraft/calc/kataster_layers.py (existiert auf diesem System); Migrations-Verifikationsartefakt, kein dauerhafter Unittest.
tests/test_drop_wind_power_buildings.py	windkraft/calc/abschichtung_common.py	reads	false	false	false	false	[frag_F] tests/test_drop_wind_power_buildings.py:19	Testet drop_wind_power_buildings mit synthetischen GeoDataFrames.
tests/test_min_area_filter.py	windkraft/calc/abschichtung_common.py	reads	false	false	false	false	[frag_F] tests/test_min_area_filter.py:19	Testet min_area_filter mit synthetischem Raster.
tests/test_uncertainty_blur.py	windkraft/calc/abschichtung_common.py	reads	false	false	false	false	[frag_F] tests/test_uncertainty_blur.py:19	Testet uncertainty_blur mit synthetischem Raster.
tests/test_water_bodies_mask.py	windkraft/calc/abschichtung_common.py	reads	false	false	false	false	[frag_F] tests/test_water_bodies_mask.py:22	Testet water_bodies_mask mit synthetischen GeoDataFrames.
output	tools/check_hardlink_safety.py	reads	true	true	false	false	[frag_E] tools/check_hardlink_safety.py:81-92,145	os.walk über gesamten output/-Baum, prüft nur Link-Count (st_nlink), nicht Inhalt; einziger Konsument, der WIRKLICH jede Datei unter output/ anfasst
<layer_dir>/<name>.tif	windkraft/calc/abschichtung_common.py	reads	true	true	false	true	[frag_D] windkraft/calc/abschichtung_common.py:1425,1454	stiller fallback: layer_done() fängt jede Exception ab und liefert False statt zu werfen (Z.1420-1438)
windkraft/calc/abschichtung_common.py	<layer_dir>/<name>.tif	writes	true	false	false	false	[frag_D] windkraft/calc/abschichtung_common.py:1444	
<osm_pbf_cache_dir>/*.osm.pbf|*.geojsonseq	windkraft/calc/abschichtung_common.py	reads	true	true	false	true	[frag_D] windkraft/calc/abschichtung_common.py:461,493	stiller fallback: mtime-basiertes Cache-Hit überspringt Re-Extraktion
windkraft/calc/abschichtung_common.py	<osm_pbf_cache_dir>/*.osm.pbf|*.geojsonseq	writes	true	false	false	false	[frag_D] windkraft/calc/abschichtung_common.py:460-465,493-508	
windkraft/calc/abschichtung_common.py	<raster>.bands.json	writes	true	false	false	false	[frag_D] windkraft/calc/abschichtung_common.py:1578 (Rasterschreiben, Manifest separat)	eigentlicher Manifest-Write erfolgt über band_manifest.write_band_manifest(), siehe dortige Kante
windkraft/calc/abschichtung_common.py	bin:osmium	invokes	false	false	false	false	[frag_F] windkraft/calc/abschichtung_common.py:413-414,464,504,509	subprocess.run(['osmium', ...]); betrifft damit indirekt widmung-v2-hig, widmung-v2-osm, widmung-v2-tif.
windkraft/calc/abschichtung_common.py	cfg:paths.dgm	reads	false	false	false	false	[frag_D] windkraft/calc/abschichtung_common.py:307,1256; [frag_F] windkraft/calc/abschichtung_common.py:307,1256	Bestimmt Grid/CRS der v2-Kette.
windkraft/calc/abschichtung_common.py	cfg:paths.nsg_gpkg	reads	false	false	false	false	[frag_D] windkraft/calc/abschichtung_common.py:1166,1174-1176; [frag_F] windkraft/calc/abschichtung_common.py:1165,1174-1175	stiller fallback (Teil derselben nature-mask-Kette) | Member-Name innerhalb von nsg_zip.
windkraft/calc/abschichtung_common.py	cfg:paths.nsg_layers	reads	false	false	false	false	[frag_F] windkraft/calc/abschichtung_common.py:1166,1176	
windkraft/calc/abschichtung_common.py	cfg:paths.nsg_zip	reads	false	false	false	false	[frag_D] windkraft/calc/abschichtung_common.py:1165; [frag_F] windkraft/calc/abschichtung_common.py:1164,1173	stiller fallback: _build_official_nature_mask() liefert leere Maske bei fehlendem ZIP (Z.1167-1168)
windkraft/calc/abschichtung_common.py	cfg:paths.osm_dir	reads	false	false	false	false	[frag_D] windkraft/calc/abschichtung_common.py:474; [frag_F] windkraft/calc/abschichtung_common.py:474	stiller fallback: nur genutzt wenn keine OSM-PBF vorhanden ist, sonst PBF-Pfad | Zielpfad existiert nicht (siehe Node-Notiz).
windkraft/calc/abschichtung_common.py	cfg:paths.powerlines_gpkg	reads	false	false	false	false	[frag_D] windkraft/calc/abschichtung_common.py:966; [frag_F] windkraft/calc/abschichtung_common.py:966	nur Fallback-Zweig wenn keine OSM-PBF vorhanden ist | Fuer v2 wirkungslos laut config.json-Kommentar (Band wird nicht mehr gespeichert), aber Datei wird noch gelesen.
windkraft/calc/abschichtung_common.py	cfg:paths.vgd	reads	false	false	false	false	[frag_B] windkraft/calc/abschichtung_common.py:624; [frag_D] windkraft/calc/abschichtung_common.py:624; [frag_F] windkraft/calc/abschichtung_common.py:624	admin_boundaries(): vgd = Path(cfg['paths']['vgd']) | harte Vorbedingung (kein exists-Guard vor Weitergabe an admin_boundaries/load_vgd)
windkraft/calc/abschichtung_common.py	cfg:paths.wind_pd_150	reads	false	false	false	false	[frag_D] windkraft/calc/abschichtung_common.py:307,1282; [frag_F] windkraft/calc/abschichtung_common.py:307,1282	template = dgm or wind_pd_150 (Fallback)
data/AUT_power-density_150m.tif	windkraft/calc/abschichtung_common.py	reads	true	true	false	true	[frag_D] windkraft/calc/abschichtung_common.py:1282 (_read_raster_on_grid)	stiller fallback: _read_raster_on_grid() liefert NaN-Array wenn Datei fehlt (Z.1232-1234)
data/DGM_R25.tif	windkraft/calc/abschichtung_common.py	reads	true	true	false	true	[frag_D] windkraft/calc/abschichtung_common.py:1256 (_read_raster_on_grid)	stiller fallback: NaN-Array bei fehlender Datei
data/austria-260328-free.shp	windkraft/calc/abschichtung_common.py	reads	true	true	false	true	[frag_D] windkraft/calc/abschichtung_common.py:474-484	stiller fallback: Legacy-Shapefile-Layer, unbekannter Layer-Name liefert Platzhalter Path('__missing_osm_layer__') statt Fehler
data/naturschutzgebiete/SG_AT_2024_v_April_Stand_3_April_2024.zip	windkraft/calc/abschichtung_common.py	reads	true	true	false	true	[frag_D] windkraft/calc/abschichtung_common.py:1174-1178	stiller fallback: try/except um zipfile+gpd.read_file je Layer, Warn-Print statt Absturz (Z.1177-1185)
data/osm_power_lines.gpkg	windkraft/calc/abschichtung_common.py	reads	true	true	false	true	[frag_D] windkraft/calc/abschichtung_common.py:972 (read_layer)	stiller fallback über read_layer(): leerer GeoDataFrame bei fehlendem Pfad (Z.518-519)
windkraft/calc/abschichtung_common.py	output/abschichtung/osm_pbf_layers	writes	true	false	false	false	[frag_E] windkraft/calc/abschichtung_common.py:457-462,489-510	pbf_for_bounds() schreibt clip_<stem>.osm.pbf, osm_layer_path() schreibt <stem>_<layer>.osm.pbf + .geojsonseq via osmium
windkraft/calc/abschichtung_common.py	output/abschichtung_widmung_v2/osm_wka_distance_zones_widmung_v2.tif	writes	true	false	false	false	[frag_E] windkraft/calc/abschichtung_common.py:1487,1578 (compose_exclusion_geotiff/output_profile); scripts/widmung_v2/04_create_distance_zones.py:361,501-503	04_create_distance_zones.py --output Default
windkraft/calc/abschichtung_common.py	windkraft/calc/distance_engine.py	imports	false	false	false	false	[frag_A] abschichtung_common.py:36; [frag_D] windkraft/calc/abschichtung_common.py:36	
windkraft/calc/abschichtung_common.py	windkraft/calc/wind_zones.py	imports	false	false	false	false	[frag_A] abschichtung_common.py:37; [frag_D] windkraft/calc/abschichtung_common.py:37	
windkraft/calc/band_manifest.py	<raster>.bands.json	writes	true	false	false	false	[frag_D] windkraft/calc/band_manifest.py:549-559	
windkraft/calc/band_manifest.py	output/abschichtung_widmung_v2/osm_wka_distance_zones_widmung_v2_run1.bands.json	writes	true	false	false	false	[frag_E] windkraft/calc/band_manifest.py:49,541,547-556; scripts/widmung_v2/04_create_distance_zones.py:524	write_band_manifest() nach compose; nur für run1.tif vorhanden, Referenz-TIF hat kein Sidecar in output/
windkraft/calc/band_manifest.py	windkraft/viz/band_metadata.py	imports	false	false	false	false	[frag_A] band_manifest.py:41-46; [frag_D] windkraft/calc/band_manifest.py:41	
data/adressregister/Adresse_Relationale_Tabellen_Stichtagsdaten_*.zip	windkraft/calc/bev_register.py	reads	true	true	false	false	[frag_D] windkraft/calc/bev_register.py:64-78	harte Vorbedingung: explizites FileNotFoundError wenn weder entpackter CSV noch ZIP existiert (Z.75-77)
data/adressregister/adressen_31287.parquet	windkraft/calc/bev_register.py	reads	true	true	false	true	[frag_D] windkraft/calc/bev_register.py:117-120	stiller fallback: Cache-Hit übergeht Neuberechnung
windkraft/calc/bev_register.py	data/adressregister/adressen_31287.parquet	writes	true	false	false	false	[frag_D] windkraft/calc/bev_register.py:123	
data/adressregister/bev_gebaeude_31287.parquet	windkraft/calc/bev_register.py	reads	true	true	false	true	[frag_D] windkraft/calc/bev_register.py:134-137	stiller fallback: Cache-Hit übergeht Neuberechnung
windkraft/calc/bev_register.py	data/adressregister/bev_gebaeude_31287.parquet	writes	true	false	false	false	[frag_D] windkraft/calc/bev_register.py:141	
output/kataster/at_dkm_gst_nfl_epsg31287.geoparquet	windkraft/calc/hig_detection.py	reads	true	true	false	false	[frag_D] windkraft/calc/hig_detection.py:162	harte Vorbedingung: pyarrow.dataset.dataset() ohne exists-Check/try-except
windkraft/calc/hig_detection.py	windkraft/calc/bev_register.py	imports	false	false	false	false	[frag_A] hig_detection.py:50; [frag_D] windkraft/calc/hig_detection.py:50	
windkraft/calc/hig_detection.py	windkraft/calc/distance_engine.py	imports	false	false	false	false	[frag_A] hig_detection.py:51; [frag_D] windkraft/calc/hig_detection.py:51	
output/abschichtung_widmung_v2/zoning_vectors/haeuser_im_gruenen_combined.gpkg	windkraft/calc/hig_source_masks.py	reads	true	true	false	false	[frag_D] windkraft/calc/hig_source_masks.py:41; [frag_E] windkraft/calc/hig_source_masks.py:41	stiller fallback via read_layer()
output/abschichtung_widmung_v2/zoning_vectors/industrie_negativ_combined.gpkg	windkraft/calc/hig_source_masks.py	reads	true	true	false	false	[frag_D] windkraft/calc/hig_source_masks.py:42; [frag_E] windkraft/calc/hig_source_masks.py:42	stiller fallback via read_layer()
output/abschichtung_widmung_v2/zoning_vectors/wohn_misch_combined.gpkg	windkraft/calc/hig_source_masks.py	reads	true	true	false	false	[frag_D] windkraft/calc/hig_source_masks.py:40; [frag_E] windkraft/calc/hig_source_masks.py:40	stiller fallback via read_layer() (abschichtung_common.py:518-519)
output/noe/pdf_750m_*.geojson	windkraft/calc/hig_source_masks.py	reads	true	true	false	false	[frag_D] windkraft/calc/hig_source_masks.py:62-68 (noe_pdf_layer_masks); [frag_D] windkraft/calc/hig_source_masks.py:88-89 (noe_pdf_source_mask, liest tatsächlich pdf_hig_source_*)	stiller fallback: [warn]-Print + leere Maske je fehlendem Layer (Z.63-65) | siehe eigentliche Kante zu pdf_hig_source_*.geojson unten - hier nur Cross-Referenz auf das gleiche Zonen-Layer-Muster
output/noe/pdf_hig_source_*.geojson	windkraft/calc/hig_source_masks.py	reads	true	true	false	false	[frag_D] windkraft/calc/hig_source_masks.py:87-92 (noe_pdf_source_mask)	harte Vorbedingung: explizites FileNotFoundError, Docstring nennt es 'harter Fehler' (Z.79-83)
windkraft/calc/hig_source_masks.py	windkraft/calc/abschichtung_common.py	imports	false	false	false	false	[frag_A] hig_source_masks.py:16-21; [frag_D] windkraft/calc/hig_source_masks.py:16	
output/kataster/at_dkm_gst_nfl_epsg31287.geoparquet	windkraft/calc/streusiedlung.py	reads	true	true	false	false	[frag_D] windkraft/calc/streusiedlung.py:98-99	reicht Pfad nur durch (Path(dkm_parquet)) an scan_dkm_candidates()
windkraft/calc/streusiedlung.py	windkraft/calc/abschichtung_common.py	imports	false	false	false	false	[frag_A] streusiedlung.py:29-36; [frag_D] windkraft/calc/streusiedlung.py:29	
windkraft/calc/streusiedlung.py	windkraft/calc/bev_register.py	imports	false	false	false	false	[frag_A] streusiedlung.py:37; [frag_D] windkraft/calc/streusiedlung.py:37	
windkraft/calc/streusiedlung.py	windkraft/calc/hig_detection.py	imports	false	false	false	false	[frag_A] streusiedlung.py:38-48; [frag_D] windkraft/calc/streusiedlung.py:38	
windkraft/calc/streusiedlung.py	windkraft/calc/hig_source_masks.py	imports	false	false	false	false	[frag_A] streusiedlung.py:49-53; [frag_D] windkraft/calc/streusiedlung.py:49	
data/flächenwidmungen/Flaewi.shp.zip	windkraft/calc/widmung_sources.py	reads	true	true	false	false	[frag_D] windkraft/calc/widmung_sources.py:420	harte Vorbedingung
data/flächenwidmungen/WIDMUNGSFLAECHEN.zip	windkraft/calc/widmung_sources.py	reads	true	true	false	false	[frag_D] windkraft/calc/widmung_sources.py:408	harte Vorbedingung (gpd.read_file ohne exists-Check)
data/new_widmungs_data/kaernten/flawi_ktn_gpkg.zip	windkraft/calc/widmung_sources.py	reads	true	true	false	false	[frag_D] windkraft/calc/widmung_sources.py:391-394	harte Vorbedingung; erst extrahiert nach <cache_dir>/flawi_ktn_gpkg.gpkg
data/new_widmungs_data/niederoesterreich/RRU_WI_HUELLE.gpkg	windkraft/calc/widmung_sources.py	reads	true	true	false	false	[frag_D] windkraft/calc/widmung_sources.py:412	harte Vorbedingung
data/new_widmungs_data/oberoesterreich/FLWI_WIDMUNGEN_F.zip	windkraft/calc/widmung_sources.py	reads	true	true	false	false	[frag_D] windkraft/calc/widmung_sources.py:414	harte Vorbedingung
data/new_widmungs_data/salzburg/Flaechenwidmung_Shapefile.zip	windkraft/calc/widmung_sources.py	reads	true	true	false	false	[frag_D] windkraft/calc/widmung_sources.py:416	harte Vorbedingung
data/new_widmungs_data/steiermark/Bauland.zip	windkraft/calc/widmung_sources.py	reads	true	true	false	false	[frag_D] windkraft/calc/widmung_sources.py:418	harte Vorbedingung
data/new_widmungs_data/tirol	windkraft/calc/widmung_sources.py	reads	true	true	false	false	[frag_D] windkraft/calc/widmung_sources.py:400-403,422	harte Vorbedingung: explizites FileNotFoundError wenn Glob FLW_Flaechenwidmung_*.gpkg leer ist
data/new_widmungs_data/vorarlberg/fwp_flaeche.gpkg	windkraft/calc/widmung_sources.py	reads	true	true	false	false	[frag_D] windkraft/calc/widmung_sources.py:424	harte Vorbedingung
data/new_widmungs_data/wien/genflwidmung_wien.geojson	windkraft/calc/widmung_sources.py	reads	true	true	false	false	[frag_D] windkraft/calc/widmung_sources.py:426	harte Vorbedingung
output/abschichtung_widmung_v2/zoning_vectors/_cache/flawi_ktn_gpkg.gpkg	windkraft/calc/widmung_sources.py	reads	true	true	false	true	[frag_D] windkraft/calc/widmung_sources.py:387-390,410	stiller fallback: wenn Cache existiert, wird ZIP-Extraktion übersprungen
windkraft/calc/widmung_sources.py	output/abschichtung_widmung_v2/zoning_vectors/_cache/flawi_ktn_gpkg.gpkg	writes	true	false	false	false	[frag_D] windkraft/calc/widmung_sources.py:394; [frag_E] windkraft/calc/widmung_sources.py:387-394	Kärnten-Extract-Cache, aufgerufen aus Skript 01
data/RED_III_Windkraftbeschleunigungszone.zip	windkraft/calc/wind_zones.py	reads	true	true	false	true	[frag_D] windkraft/calc/wind_zones.py:120,183-188	stiller fallback (gleiches Muster, Kommentar Z.113-117)
data/WINDKRAFT_AUSSCHLUSSZONE.zip	windkraft/calc/wind_zones.py	reads	true	true	false	true	[frag_D] windkraft/calc/wind_zones.py:138,183-188	stiller fallback
data/WK_Eignungszonen.zip	windkraft/calc/wind_zones.py	reads	true	true	false	true	[frag_D] windkraft/calc/wind_zones.py:105,146,183-188	stiller fallback: _resolve_path() loggt nur [warn] und liefert None bei fehlender Datei (Kommentar Z.94-99 benennt das Risiko für Band 37 explizit)
output/steiermark_zonen/sapro2026/sapro2026_zonen.geojson	windkraft/calc/wind_zones.py	reads	true	true	false	true	[frag_D] windkraft/calc/wind_zones.py:155,183-188	stiller fallback
windkraft/config.py	cfg:paths.data_dir	reads	false	false	false	false	[frag_F] windkraft/config.py:24-26	Nur Pfadaufloesung (relativ zu config.json), kein inhaltlicher Zugriff hier.
windkraft/config.py	cfg:paths.output_dir	reads	false	false	false	false	[frag_F] windkraft/config.py:24-26	
windkraft/config.py	cfg:paths.wind_pd_100	reads	false	false	false	false	[frag_F] windkraft/config.py:24-26	MARKIERT: einziger Fundort im gesamten Code (nur Pfadaufloesung); wird sonst nirgends inhaltlich gelesen. Ziel existiert zudem nicht.
config.json	windkraft/config.py	reads	true	true	false	false	[frag_B] windkraft/config.py:15-19; [frag_D] windkraft/config.py:18-19	load_config() Default-Pfad Path('config.json')
data/nö_zonierung/TeilC_3_2_Karte_Mindestabstandszonen_A0_20240402.pdf	windkraft/noe/pdf_align.py	reads	true	true	false	false	[frag_D] windkraft/noe/pdf_align.py:44-45,66-72; [frag_D] windkraft/noe/pdf_align.py:105 (render_pdf_viewport)	stiller fallback: bei fehlender Datei/Import-Fehler/Parse-Fehler wird auf hartkodiertes GPTS_LATLON_MINDESTABSTAND zurückgefallen (Z.87-88) | harte Vorbedingung: kein exists-Check, kein try/except in render_pdf_viewport()
output/noe/pdf_750m_*.geojson	windkraft/noe/pdf_hig_sources.py	reads	true	true	false	false	[frag_D] windkraft/noe/pdf_hig_sources.py:89-97	harte Vorbedingung: explizites FileNotFoundError (Z.92-95)
output/noe/pdf_750m_geb.geojson	windkraft/noe/pdf_hig_sources.py	reads	true	true	false	false	[frag_B] windkraft/noe/pdf_hig_sources.py:40-44,91-97	ZONE_TO_SOURCE_LAYERS['pdf_750m_geb']
output/noe/pdf_750m_gruenland_widmung.geojson	windkraft/noe/pdf_hig_sources.py	reads	true	true	false	false	[frag_B] windkraft/noe/pdf_hig_sources.py:40-44,91-97	ZONE_TO_SOURCE_LAYERS['pdf_750m_gruenland_widmung']
output/noe/pdf_750m_gwr.geojson	windkraft/noe/pdf_hig_sources.py	reads	true	true	false	false	[frag_B] windkraft/noe/pdf_hig_sources.py:40-44,91-97	ZONE_TO_SOURCE_LAYERS['pdf_750m_gwr']
windkraft/noe/pdf_hig_sources.py	output/noe/pdf_hig_source_*.geojson	writes	true	false	false	false	[frag_D] windkraft/noe/pdf_hig_sources.py:101-102; [frag_E] windkraft/noe/pdf_hig_sources.py:101-102	derive_layer_files()
windkraft/noe/pdf_hig_sources.py	output/noe/pdf_hig_source_geb.geojson	writes	true	false	false	false	[frag_B] windkraft/noe/pdf_hig_sources.py:101	
windkraft/noe/pdf_hig_sources.py	output/noe/pdf_hig_source_geb_wgs84.geojson	writes	true	false	false	false	[frag_B] windkraft/noe/pdf_hig_sources.py:102	
windkraft/noe/pdf_hig_sources.py	output/noe/pdf_hig_source_gruenland_widmung.geojson	writes	true	false	false	false	[frag_B] windkraft/noe/pdf_hig_sources.py:101	
windkraft/noe/pdf_hig_sources.py	output/noe/pdf_hig_source_gruenland_widmung_wgs84.geojson	writes	true	false	false	false	[frag_B] windkraft/noe/pdf_hig_sources.py:102	
windkraft/noe/pdf_hig_sources.py	output/noe/pdf_hig_source_gwr.geojson	writes	true	false	false	false	[frag_B] windkraft/noe/pdf_hig_sources.py:101	
windkraft/noe/pdf_hig_sources.py	output/noe/pdf_hig_source_gwr_wgs84.geojson	writes	true	false	false	false	[frag_B] windkraft/noe/pdf_hig_sources.py:102	
windkraft/util/admin.py	cfg:paths.vgd	reads	false	false	false	false	[frag_D] windkraft/util/admin.py:8	harte Vorbedingung: gpd.read_file() ohne try/except; Pfad kommt generisch als Parameter, im Paket nur über abschichtung_common.py:624 mit cfg:vgd befüllt
windkraft/calc/abschichtung_common.py	scripts/analysis/build_v2_dashboard_data.py	provides	true	false	true	false	[frag_B] scripts/analysis/build_v2_dashboard_data.py:44	abgeleitet: Modul liest/schreibt im Auftrag des importierenden Skripts
windkraft/config.py	scripts/analysis/build_v2_dashboard_data.py	provides	true	false	true	false	[frag_B] scripts/analysis/build_v2_dashboard_data.py:45	abgeleitet: Modul liest/schreibt im Auftrag des importierenden Skripts
windkraft/noe/pdf_align.py	scripts/noe/align_pdf_shapefile.py	provides	true	false	true	false	[frag_B] scripts/noe/align_pdf_shapefile.py:22-26	abgeleitet: Modul liest/schreibt im Auftrag des importierenden Skripts
windkraft/noe/pdf_hig_sources.py	scripts/noe/derive_pdf_hig_sources.py	provides	true	false	true	false	[frag_B] scripts/noe/derive_pdf_hig_sources.py:20	abgeleitet: Modul liest/schreibt im Auftrag des importierenden Skripts
windkraft/noe/pdf_hig_sources.py	scripts/noe/extract_noe_vector_layers.py	provides	true	false	true	false	[frag_B] scripts/noe/extract_noe_vector_layers.py:46	abgeleitet: Modul liest/schreibt im Auftrag des importierenden Skripts
windkraft/calc/widmung_sources.py	scripts/widmung_v2/01_build_official_zoning_layers.py	provides	true	false	true	false	[frag_A] 01_build_official_zoning_layers.py:61-69	abgeleitet: Modul liest/schreibt im Auftrag des importierenden Skripts
windkraft/calc/abschichtung_common.py	scripts/widmung_v2/02_build_hig_sources.py	provides	true	false	true	false	[frag_A] 02_build_hig_sources.py:42-54	abgeleitet: Modul liest/schreibt im Auftrag des importierenden Skripts
windkraft/calc/bev_register.py	scripts/widmung_v2/02_build_hig_sources.py	provides	true	false	true	false	[frag_A] 02_build_hig_sources.py:55	abgeleitet: Modul liest/schreibt im Auftrag des importierenden Skripts
windkraft/calc/hig_detection.py	scripts/widmung_v2/02_build_hig_sources.py	provides	true	false	true	false	[frag_A] 02_build_hig_sources.py:56-69	abgeleitet: Modul liest/schreibt im Auftrag des importierenden Skripts
windkraft/calc/hig_source_masks.py	scripts/widmung_v2/02_build_hig_sources.py	provides	true	false	true	false	[frag_A] 02_build_hig_sources.py:71-77	abgeleitet: Modul liest/schreibt im Auftrag des importierenden Skripts
windkraft/calc/streusiedlung.py	scripts/widmung_v2/02_build_hig_sources.py	provides	true	false	true	false	[frag_A] 02_build_hig_sources.py:70	abgeleitet: Modul liest/schreibt im Auftrag des importierenden Skripts
windkraft/config.py	scripts/widmung_v2/02_build_hig_sources.py	provides	true	false	true	false	[frag_A] 02_build_hig_sources.py:41	abgeleitet: Modul liest/schreibt im Auftrag des importierenden Skripts
windkraft/calc/abschichtung_common.py	scripts/widmung_v2/03_build_osm_layers.py	provides	true	false	true	false	[frag_A] 03_build_osm_layers.py:53-73	abgeleitet: Modul liest/schreibt im Auftrag des importierenden Skripts
windkraft/config.py	scripts/widmung_v2/03_build_osm_layers.py	provides	true	false	true	false	[frag_A] 03_build_osm_layers.py:52	abgeleitet: Modul liest/schreibt im Auftrag des importierenden Skripts
windkraft/calc/abschichtung_common.py	scripts/widmung_v2/04_create_distance_zones.py	provides	true	false	true	false	[frag_A] 04_create_distance_zones.py:83-122	abgeleitet: Modul liest/schreibt im Auftrag des importierenden Skripts
windkraft/calc/band_manifest.py	scripts/widmung_v2/04_create_distance_zones.py	provides	true	false	true	false	[frag_A] 04_create_distance_zones.py:124	abgeleitet: Modul liest/schreibt im Auftrag des importierenden Skripts
windkraft/config.py	scripts/widmung_v2/04_create_distance_zones.py	provides	true	false	true	false	[frag_A] 04_create_distance_zones.py:82	abgeleitet: Modul liest/schreibt im Auftrag des importierenden Skripts
windkraft/calc/wind_zones.py	windkraft/calc/abschichtung_common.py	provides	true	false	true	false	[frag_A] abschichtung_common.py:37; [frag_D] windkraft/calc/abschichtung_common.py:37	abgeleitet: Modul liest/schreibt im Auftrag des importierenden Skripts
windkraft/calc/bev_register.py	windkraft/calc/hig_detection.py	provides	true	false	true	false	[frag_A] hig_detection.py:50; [frag_D] windkraft/calc/hig_detection.py:50	abgeleitet: Modul liest/schreibt im Auftrag des importierenden Skripts
windkraft/calc/abschichtung_common.py	windkraft/calc/hig_source_masks.py	provides	true	false	true	false	[frag_A] hig_source_masks.py:16-21; [frag_D] windkraft/calc/hig_source_masks.py:16	abgeleitet: Modul liest/schreibt im Auftrag des importierenden Skripts
windkraft/calc/abschichtung_common.py	windkraft/calc/streusiedlung.py	provides	true	false	true	false	[frag_A] streusiedlung.py:29-36; [frag_D] windkraft/calc/streusiedlung.py:29	abgeleitet: Modul liest/schreibt im Auftrag des importierenden Skripts
windkraft/calc/bev_register.py	windkraft/calc/streusiedlung.py	provides	true	false	true	false	[frag_A] streusiedlung.py:37; [frag_D] windkraft/calc/streusiedlung.py:37	abgeleitet: Modul liest/schreibt im Auftrag des importierenden Skripts
windkraft/calc/hig_detection.py	windkraft/calc/streusiedlung.py	provides	true	false	true	false	[frag_A] streusiedlung.py:38-48; [frag_D] windkraft/calc/streusiedlung.py:38	abgeleitet: Modul liest/schreibt im Auftrag des importierenden Skripts
windkraft/calc/hig_source_masks.py	windkraft/calc/streusiedlung.py	provides	true	false	true	false	[frag_A] streusiedlung.py:49-53; [frag_D] windkraft/calc/streusiedlung.py:49	abgeleitet: Modul liest/schreibt im Auftrag des importierenden Skripts
