pfad	vorher_sha256	nachher_sha256	ergebnis
data/natur/SG_AT_2024_v_April_Stand_3_April_2024.zip	33704165c9c4d929e004fcb7143b1fd20329184496d8f34d63bffd201fe6d441	33704165c9c4d929e004fcb7143b1fd20329184496d8f34d63bffd201fe6d441	OK
data/gelaende/DGM_R25.tif	ab8180564115e10bd5168ab7228e6f7c59bc99be95a5cec50f8e8179a98a9614	ab8180564115e10bd5168ab7228e6f7c59bc99be95a5cec50f8e8179a98a9614	OK
data/gelaende/AUT_power-density_150m.tif	8f631a596a1d894cceddd060f7ccf5787c2419664ee842282ce02ed94ad1213a	8f631a596a1d894cceddd060f7ccf5787c2419664ee842282ce02ed94ad1213a	OK
data/zonen/RED_III_Windkraftbeschleunigungszone.zip	f2f2c48bb93ec3196b1285836066e13ad5d396365dd346d7e032baf216ffc090	f2f2c48bb93ec3196b1285836066e13ad5d396365dd346d7e032baf216ffc090	OK
data/zonen/zonierung_noe.json	3a30204da507d3bbb83f453f504726fadce37942ba7477c13dbee0b05a229d0c	3a30204da507d3bbb83f453f504726fadce37942ba7477c13dbee0b05a229d0c	OK
data/zonen/WK_Eignungszonen.zip	fa4898b1e70ecbe700dcb5279b4fd874b10b864f151e69f86eae5f947805eedf	fa4898b1e70ecbe700dcb5279b4fd874b10b864f151e69f86eae5f947805eedf	OK
data/osm/austria-260330.osm.pbf	8a4db3c7a83449a5dffc9f40de14f88465880be7a7c88da8cc06520b186cfc4d	8a4db3c7a83449a5dffc9f40de14f88465880be7a7c88da8cc06520b186cfc4d	OK
data/noe_sekrop/TeilC_3_2_Karte_Mindestabstandszonen_A0_20240402.pdf	d34126fb0e1e0d30e9cf11010d28120b61ca6b6ec1eb5a39793208e2360ef3e9	d34126fb0e1e0d30e9cf11010d28120b61ca6b6ec1eb5a39793208e2360ef3e9	OK
data/kataster/BEV_DKM_DXF_Symbole_V2.6.csv	d9c599b0a09c1984ea61519dd8a37e3617451dc31e8bf38c91c5972c5b8fb461	d9c599b0a09c1984ea61519dd8a37e3617451dc31e8bf38c91c5972c5b8fb461	OK
data/kataster/KAT_DKM_Burgenland_SHP_20210401.zip	a89ea6d6d172533cbe5c80c86e4b8637cd5a3c3d2c55b2819d959f4a5dffd457	a89ea6d6d172533cbe5c80c86e4b8637cd5a3c3d2c55b2819d959f4a5dffd457	OK
data/kataster/KAT_DKM_Tirol_SHP_20221001.zip	a747192bbfefd97e232d5e3f1e232ea327c68f8c05d862ef7c51135e23ef514a	a747192bbfefd97e232d5e3f1e232ea327c68f8c05d862ef7c51135e23ef514a	OK
data/kataster/KAT_DKM_Oberoesterreich_SHP_20221001.zip	d32d4b86b01546c31e355ea5254ae3c9368ed7520ce9edfaa8f522e2e7a4035d	d32d4b86b01546c31e355ea5254ae3c9368ed7520ce9edfaa8f522e2e7a4035d	OK
data/kataster/KAT_DKM_Niederoesterreich_DXF_20230401.zip	81ffb403d1a6127f69cbfa8b4fc10fffcbace86c82e2e0720a711188dc69e0b9	81ffb403d1a6127f69cbfa8b4fc10fffcbace86c82e2e0720a711188dc69e0b9	OK
data/kataster/KAT_DKM_Kaernten_SHP_20221001.zip	1264fbb87dde059c30875153556357f42819190050a373638d7f1a64d70ab945	1264fbb87dde059c30875153556357f42819190050a373638d7f1a64d70ab945	OK
data/kataster/KAT_DKM_Salzburg_SHP_20221001.zip	4b3653fca97511a235355a9ec2d59447f3b3aee2919bebb662b0806e774bb408	4b3653fca97511a235355a9ec2d59447f3b3aee2919bebb662b0806e774bb408	OK
data/kataster/KAT_DKM_Wien_SHP_20221001.zip	6a8a24f67c85d5b58fb275fe57f783ff85f157a5b724e0faa10e8188cf3c964b	6a8a24f67c85d5b58fb275fe57f783ff85f157a5b724e0faa10e8188cf3c964b	OK
data/kataster/KAT_DKM_Steiermark_SHP_20221001.zip	13e21dbd05ac1ee0def6c9a0c520a0770bbfc0bde8bc330a96f0539e693c3836	13e21dbd05ac1ee0def6c9a0c520a0770bbfc0bde8bc330a96f0539e693c3836	OK
data/kataster/KAT_DKM_Vorarlberg_SHP_20221001.zip	5c4ffd44c75af2808fa157c0376d942c8f87890ce96e9b9e760d66a29af7d0e4	5c4ffd44c75af2808fa157c0376d942c8f87890ce96e9b9e760d66a29af7d0e4	OK
data/adressen/Aktualitaetsstand.txt	bd3f242f19d788a295530de993f4b05ba403a2234fa55d8128596173945239d2	bd3f242f19d788a295530de993f4b05ba403a2234fa55d8128596173945239d2	OK
data/adressen/ADRESSE.csv	74571373e9401abb99ee3704e755d8918b101abb29a278ec6c6f01b1d038acba	74571373e9401abb99ee3704e755d8918b101abb29a278ec6c6f01b1d038acba	OK
data/adressen/Adresse_Relationale_Tabellen_Stichtagsdaten_20251001.zip	2d76b0acb4f572e2ad89a5a0048035f0b399b75e916a37cd9825216e871a1636	2d76b0acb4f572e2ad89a5a0048035f0b399b75e916a37cd9825216e871a1636	OK
data/zonen/luca_zonen/Stmk.dbf	a7d23a82a4182d8f1a3ab7c096a2a201b9bffb4362731f319175a42878068379	a7d23a82a4182d8f1a3ab7c096a2a201b9bffb4362731f319175a42878068379	OK
data/zonen/luca_zonen/Sbg.prj	e65678526a7a86d34803b06c1b2412a74ea6df15b446507b8d2c89548af78c9d	e65678526a7a86d34803b06c1b2412a74ea6df15b446507b8d2c89548af78c9d	OK
data/zonen/luca_zonen/Stmk.cpg	3ad3031f5503a4404af825262ee8232cc04d4ea6683d42c5dd0a2f2a27ac9824	3ad3031f5503a4404af825262ee8232cc04d4ea6683d42c5dd0a2f2a27ac9824	OK
data/zonen/luca_zonen/Stmk.shp	9507baf980464f11d976b102bd40019aa12c761da374b60c293d27621de43431	9507baf980464f11d976b102bd40019aa12c761da374b60c293d27621de43431	OK
data/zonen/luca_zonen/Stmk.qmd	0a78659e912c2074b84ccc233ddf45163dd89c8b93e973b85700b77d096ee41d	0a78659e912c2074b84ccc233ddf45163dd89c8b93e973b85700b77d096ee41d	OK
data/zonen/luca_zonen/Stmk.shx	65ed97a2bc3d827f98b9112e2da1fa88b4af39244dc7e46eb9d5b65244e09580	65ed97a2bc3d827f98b9112e2da1fa88b4af39244dc7e46eb9d5b65244e09580	OK
data/zonen/luca_zonen/Sbg.shx	f2f647bede497398a11052e09ee98bc5213f82576c2a3e861073b4fb8ea4224b	f2f647bede497398a11052e09ee98bc5213f82576c2a3e861073b4fb8ea4224b	OK
data/zonen/luca_zonen/Sbg.qmd	631f22b35f119ee5b142a93e6242a4a65d64935e428fbbcd0ff43413f13fd7f0	631f22b35f119ee5b142a93e6242a4a65d64935e428fbbcd0ff43413f13fd7f0	OK
data/zonen/luca_zonen/Sbg.shp	09746b828832f1537efb59957d3a05e0db447c491d2002ce9ed1c2df161279c3	09746b828832f1537efb59957d3a05e0db447c491d2002ce9ed1c2df161279c3	OK
data/zonen/luca_zonen/Sbg.cpg	3ad3031f5503a4404af825262ee8232cc04d4ea6683d42c5dd0a2f2a27ac9824	3ad3031f5503a4404af825262ee8232cc04d4ea6683d42c5dd0a2f2a27ac9824	OK
data/zonen/luca_zonen/Stmk.prj	e65678526a7a86d34803b06c1b2412a74ea6df15b446507b8d2c89548af78c9d	e65678526a7a86d34803b06c1b2412a74ea6df15b446507b8d2c89548af78c9d	OK
data/zonen/luca_zonen/Sbg.dbf	9b68ba4ce24f2ee765d28ce341910bda59cca37da08cd3ca14024d948539df93	9b68ba4ce24f2ee765d28ce341910bda59cca37da08cd3ca14024d948539df93	OK
data/admin/VGD_Oesterreich_gen_50_20221002/VGD_50_generalisiert.prj	0a4b5829ac12611b2c088c7a4df54ae79706c63df7a5c3f8b2ba4a5e7d5e6334	0a4b5829ac12611b2c088c7a4df54ae79706c63df7a5c3f8b2ba4a5e7d5e6334	OK
data/admin/VGD_Oesterreich_gen_50_20221002/VGD_50_generalisiert.cpg	3ad3031f5503a4404af825262ee8232cc04d4ea6683d42c5dd0a2f2a27ac9824	3ad3031f5503a4404af825262ee8232cc04d4ea6683d42c5dd0a2f2a27ac9824	OK
data/admin/VGD_Oesterreich_gen_50_20221002/VGD_50_generalisiert.shp	81226b55ea4a4febaf4a260f9600ce590fc4662a6f593ecb8602730679c66366	81226b55ea4a4febaf4a260f9600ce590fc4662a6f593ecb8602730679c66366	OK
data/admin/VGD_Oesterreich_gen_50_20221002/VGD_50_generalisiert.shx	d4ce007df770237b8cd1ed967dd6e479c73794b371b851eba6886deea79659d6	d4ce007df770237b8cd1ed967dd6e479c73794b371b851eba6886deea79659d6	OK
data/admin/VGD_Oesterreich_gen_50_20221002/VGD_50_generalisiert.dbf	1371e1e488860f16f0175f411a8b2ed726407b5d7a93ecd575a711efed0099b2	1371e1e488860f16f0175f411a8b2ed726407b5d7a93ecd575a711efed0099b2	OK
data/widmung/wien/genflwidmung_wien.geojson	6b77a3105704ea1bd6b424b2d2c8e76579a643a76ca74701287a65308b506ba7	6b77a3105704ea1bd6b424b2d2c8e76579a643a76ca74701287a65308b506ba7	OK
data/widmung/kaernten/flawi_ktn_gpkg.zip	d005c7f7fd6f25d0c5040e9d8abb61411dc9d21cd139a4260bfe6cb9997af3a3	d005c7f7fd6f25d0c5040e9d8abb61411dc9d21cd139a4260bfe6cb9997af3a3	OK
data/widmung/steiermark/Flaewi.shp.zip	a515a374f3446c5642c7eb5e55d4ce8df1c76ffd5c56a89da44dd83d9ffea041	a515a374f3446c5642c7eb5e55d4ce8df1c76ffd5c56a89da44dd83d9ffea041	OK
data/widmung/steiermark/Bauland.zip	6e71b110827e19af56971bfe8081238df78ffc3af6f2f6bf3405e1b0ec6aef76	6e71b110827e19af56971bfe8081238df78ffc3af6f2f6bf3405e1b0ec6aef76	OK
data/widmung/burgenland/WIDMUNGSFLAECHEN.zip	593b8184ba88e2ae66cc115857bea5a34008cfffbc142acc41f5108fbe6f113d	593b8184ba88e2ae66cc115857bea5a34008cfffbc142acc41f5108fbe6f113d	OK
data/widmung/oberoesterreich/FLWI_WIDMUNGEN_F.zip	0fd90a01250a4760c0f39b0e58c05dd365d2f4a9ee2e0c02c4ad04c13b2df464	0fd90a01250a4760c0f39b0e58c05dd365d2f4a9ee2e0c02c4ad04c13b2df464	OK
data/widmung/vorarlberg/fwp_flaeche.gpkg	caa279f095783838ce316e4d319535ba11185d40bd1e7780483400ceafb7a6be	caa279f095783838ce316e4d319535ba11185d40bd1e7780483400ceafb7a6be	OK
data/widmung/niederoesterreich/RRU_WI_HUELLE.gpkg	c89bfe9b8a48ccd525b5d6655c36e0a2a53df4553769ae7ca51af948b61fbce5	c89bfe9b8a48ccd525b5d6655c36e0a2a53df4553769ae7ca51af948b61fbce5	OK
data/widmung/salzburg/Flaechenwidmung_Shapefile.zip	b3d57d75ac87bf887ae652927e69c70af14465a59dcc411275dd90a8ff62fdb7	b3d57d75ac87bf887ae652927e69c70af14465a59dcc411275dd90a8ff62fdb7	OK
data/widmung/tirol/FLW_Flaechenwidmung_270349538825189369.gpkg	8038622bf14e2ffee38db906925aeae3e44b54adf5902a498e21e2165a11b225	8038622bf14e2ffee38db906925aeae3e44b54adf5902a498e21e2165a11b225	OK
